total_playtime_hours,last_login_days_ago,in_app_purchases,engagement_score
1.3678379602891024,0.7979787038287536,-0.8671777127671303,-0.6339722965875881
1.5591618077745233,-0.9930646576653412,-0.8671777127671303,-0.556178420135041
1.3749240287144884,0.8324218453959477,0.9546242048108746,0.6943054611161324
0.5316818860935594,-0.924178374530953,1.865525163599877,3.508658327111671
-0.7792407726028431,0.5913198544255888,-0.411727233372629,0.5283765064838852
0.6734032546012785,-0.407531251023041,-0.411727233372629,-0.6114035186557307
0.772608212556682,-0.2697586847542644,1.865525163599877,2.414549816819152
-1.636655052074544,0.3157747218880357,-0.8671777127671303,0.5298508138144746
0.2624112859288929,6.5499833455501735,0.0437232460218721,0.1666147083576125
-0.7438104304759132,0.901308128530336,0.0437232460218721,-0.0587835718162952
0.4608212018396997,-0.6141901004262057,-0.8671777127671303,-1.8817686591212597
-1.2044048781260006,-0.6141901004262057,1.410074684205376,-1.1707743945236686
-0.7650686357520712,-0.7519626666949822,1.410074684205376,-1.843093611797792
-1.7146018047537896,0.4535472881568123,-1.3226281921616316,0.7713953773105531
0.2694973543542788,0.7290924206943653,-0.411727233372629,-1.5277031469478792
0.7159196651535943,-0.4764175341574292,0.9546242048108746,1.333405013474433
-1.0697695780436671,0.5568767128583947,-0.411727233372629,0.3848782865076834
-0.1840110248704225,-0.2353155431870703,1.410074684205376,-7.663406685905043
0.3687023123096823,-0.6486332419933999,-1.7780786715561328,-4.822401130078673
1.0347927442959624,-0.6486332419933999,0.0437232460218721,0.0422527348935662
0.2057227385258052,1.5901709598742186,0.4991737254163734,2.4263212991439453
1.1481698391021378,-0.7519626666949822,1.410074684205376,1.2280956660134676
0.9851902653182608,0.0057864477832885,1.410074684205376,1.4312569066857317
1.3820100971398743,-0.2353155431870703,0.0437232460218721,0.0316371998586406
0.4324769281381559,0.0057864477832885,0.4991737254163734,1.1541937870013834
0.6946614598774364,0.7979787038287536,1.410074684205376,2.0298439847437533
-1.416986930887579,-0.2697586847542644,0.0437232460218721,-0.030856709850939
0.3332719701827525,-0.7175195251277882,0.4991737254163734,1.4977519640281034
-0.6446054725205098,-0.3730881094558468,-0.8671777127671303,1.3453053112152262
-0.7650686357520712,-0.958621516098147,-1.3226281921616316,1.7287932327715718
1.3465797550129446,-0.3386449678886527,0.4991737254163734,0.3706947298225768
-0.7438104304759132,-0.4764175341574292,0.0437232460218721,-0.0587835718162952
0.0356570963165422,2.244590649650908,-0.411727233372629,-11.543615149340654
0.8576410336613135,-0.5453038172918175,-0.8671777127671303,-1.0111078734029473
0.4466490649889278,-0.958621516098147,0.0437232460218721,0.0978895301788087
-0.6375194040951239,0.6946492791271712,-1.3226281921616316,2.0746802849739296
-0.432023419758931,-0.6141901004262057,-0.8671777127671303,2.0072934615110487
-0.7508964989012992,-0.6486332419933999,-0.411727233372629,0.5483215292525173
-0.1414946143181067,-0.0975429769182938,0.4991737254163734,-3.528113129630172
0.404132654436612,-0.6141901004262057,-0.411727233372629,-1.01876708348588
0.1419481226973316,-0.166429260052682,0.0437232460218721,0.3080010160115622
-1.5728804362460704,-0.9930646576653412,-0.411727233372629,0.2617680540523655
-0.5737447882666502,1.176853261067889,-1.3226281921616316,2.305295441744983
1.0277066758705764,-0.1319861184854879,-0.8671777127671303,-0.8437906410660759
0.5245958176681734,-0.407531251023041,0.4991737254163734,0.9515215207394316
0.0073128226149983,-0.8897352329637588,-1.3226281921616316,-180.6172649126669
-0.1485806827434927,0.0057864477832885,-1.3226281921616316,8.902349829307505
1.2544608654829272,-0.0975429769182938,0.4991737254163734,0.3979157580708014
-1.4240729993129653,-0.2697586847542644,-1.3226281921616316,0.9287708428628014
0.949759923191331,0.8668649869631418,0.9546242048108746,1.0051110079409893
-1.2044048781260006,-1.0275077992325352,-1.3226281921616316,1.0981682305222007
0.2694973543542788,0.2468884387536475,0.0437232460218721,0.1622339625077395
-0.3186463249527557,-0.3730881094558468,0.4991737254163734,-1.566593907616735
0.8363828283851555,-0.7864058082621764,1.865525163599877,2.2304413671285217
0.6167147071981909,0.5224335712912005,0.4991737254163734,0.8093947260263707
0.0073128226149983,-0.407531251023041,-1.3226281921616316,-180.6172649126669
1.119825565400594,0.625762995992783,-0.411727233372629,-0.3676675809321555
-0.1698388880196505,-0.8897352329637588,-0.8671777127671303,5.106184954039096
-0.1273224774673348,-0.8552920913965647,0.0437232460218721,-0.3434325283088646
-1.2681794939544742,-0.9930646576653412,0.4991737254163734,-0.3936175154788049
-0.970564620088264,-1.0275077992325352,-0.8671777127671303,0.8934867701606197
0.2057227385258052,0.2124452971864533,0.0437232460218721,0.2125244933556742
-1.466589409865281,1.0390806947991125,-0.8671777127671303,0.5912927093711132
-1.4099008624621934,-0.7864058082621764,1.410074684205376,-1.0001303801223749
-1.3532123150591058,-0.5108606757246233,-0.411727233372629,0.3042614018544932
-1.1335441938721411,-0.7519626666949822,-0.411727233372629,0.3632243611162475
-1.0768556464690533,0.2813315803208416,0.0437232460218721,-0.0406030763696166
-0.956392483237492,0.901308128530336,0.4991737254163734,-0.5219394271281492
-0.6871218830728256,-0.7519626666949822,-0.8671777127671303,1.2620618768649934
-1.2469212886783163,-0.924178374530953,-0.8671777127671303,0.6954606319157711
0.5104236808174015,0.1780021556192592,0.0437232460218721,0.0856590144127134
0.2057227385258052,0.3502178634552298,-0.8671777127671303,-4.215069118220868
-0.8288432515805447,-0.924178374530953,0.9546242048108746,-1.1517687097983251
0.3970465860112261,-0.5453038172918175,-0.411727233372629,-1.03694850527171
0.9922763337436468,-0.2697586847542644,1.410074684205376,1.4210360822823378
-0.9138760726851762,0.1780021556192592,-0.8671777127671303,0.9489111574293776
0.9710181284674888,0.384661005022424,-0.411727233372629,-0.4240116442583714
1.0064484705944186,-0.6486332419933999,-1.3226281921616316,-1.3141408521113462
-0.3186463249527557,-0.6141901004262057,-0.8671777127671303,2.7215281022830866
-0.1273224774673348,-0.683076383560594,-0.8671777127671303,6.811411811459142
-0.6587776093712817,-0.3386449678886527,1.865525163599877,-2.8318410575473
-1.289437699230632,-0.4419743925902351,-1.3226281921616316,1.0257482392776345
1.4883011235206638,5.241143965996796,0.0437232460218721,0.0293777593480877
-1.4028147940368074,-0.8552920913965647,0.0437232460218721,-0.031168446392353
-1.1689745359990709,-0.7519626666949822,0.0437232460218721,-0.0374033982001887
-0.2548717091242821,-0.2353155431870703,-0.411727233372629,1.6154927108797354
-1.7642042837314913,-0.7519626666949822,-0.411727233372629,0.2333797570762867
-1.7500321468807194,-0.5108606757246233,0.0437232460218721,-0.0249843958259645
-0.8713596621328605,-0.958621516098147,1.410074684205376,-1.6182650266413627
-1.140630262297527,-0.683076383560594,-0.8671777127671303,0.7602685498681154
-1.7216878731791756,1.0390806947991125,1.410074684205376,-0.8190119105158699
0.8647271020866995,-0.8552920913965647,-0.411727233372629,-0.4761299502231244
-0.6800358146474397,-0.8208489498293705,-0.411727233372629,0.6054582407082437
-1.5161918888429828,-0.5108606757246233,-0.8671777127671303,0.5719483388822725
0.0214849594657703,-0.0975429769182938,0.9546242048108746,44.41153779941145
0.3616162438842963,-0.958621516098147,0.9546242048108746,2.6398089766856363
1.474128986669892,0.5913198544255888,-0.8671777127671303,-0.5882604833117543
-0.6587776093712817,0.3157747218880357,-0.8671777127671303,1.3163636165942525
-1.629568983649158,-1.0275077992325352,-0.411727233372629,0.2526617554220875
0.1206899174211737,5.034485116593632,0.0437232460218721,0.3622475222522565
-0.2548717091242821,-0.5108606757246233,0.0437232460218721,-0.1715567480580251
-1.0910277833198252,-0.958621516098147,0.4991737254163734,-0.4575303290634298
0.5104236808174015,0.4191041465896181,0.9546242048108746,1.8702218146775749
1.3607518918637165,-0.3386449678886527,1.865525163599877,1.370941657577455
-1.6437411204999302,-0.924178374530953,-0.411727233372629,0.2504833231163774
-0.616261198818966,-0.958621516098147,0.4991737254163734,-0.8100166399238339
1.6867110394314706,-0.407531251023041,-1.7780786715561328,-1.0541628579883342
0.7017475283028224,-0.9930646576653412,-0.8671777127671303,-1.2357227073350696
1.3465797550129446,-0.924178374530953,1.410074684205376,1.0471449667250892
1.7079692447076285,0.3502178634552298,0.0437232460218721,0.0255994012558136
-1.3673844519098777,1.2801826857694714,-0.411727233372629,0.3011078880386786
1.7221413815584004,-0.8208489498293705,0.4991737254163734,0.2898547309846035
0.404132654436612,-0.7864058082621764,-1.3226281921616316,-3.2726765602245527
0.241153080652735,-0.4419743925902351,0.0437232460218721,0.1813015736220082
-0.7367243620505273,2.0379318002477422,0.9546242048108746,-1.295786065787872
-1.657913257350702,-0.7175195251277882,0.0437232460218721,-0.0263726160305282
0.6875753914520505,-0.7864058082621764,-1.3226281921616316,-1.923583904783798
0.0852595752942439,-0.2697586847542644,1.410074684205376,16.536668317387083
0.9922763337436468,2.485692640621266,-0.411727233372629,-0.4149278483149978
0.234067012227349,0.0057864477832885,2.3209756429943784,9.91543603923017
1.275719070759085,0.7290924206943653,-0.8671777127671303,-0.6797506873862659
1.6937971078568566,-0.958621516098147,-1.3226281921616316,-0.7808611653750402
1.0631370179975064,-0.924178374530953,-0.8671777127671303,-0.815670549874189
-0.0281175195119314,-0.8552920913965647,-0.8671777127671303,30.85216083898903
-0.4532816250350889,2.072374941814936,-0.411727233372629,0.908345483441096
-1.0414253043421235,-0.9930646576653412,0.4991737254163734,-0.4793224406584925
0.1136038489957877,-0.2697586847542644,-1.7780786715561328,-15.650193064245672
0.2128088069511912,0.2813315803208416,-0.411727233372629,-1.9346374470892336
0.3616162438842963,0.384661005022424,-1.7780786715561328,-4.916896109246529
0.6592311177505066,-0.1319861184854879,0.4991737254163734,0.7571944649321593
-0.5879169251174222,1.452398393605442,0.4991737254163734,-0.8490693068748488
1.0206206074451905,1.4868415351726365,1.865525163599877,1.8278162049927145
1.12691163382598,-0.407531251023041,-0.8671777127671303,-0.7695102185792633
1.4174404392668043,-0.8552920913965647,-0.8671777127671303,-0.6117869724007351
-1.0485113727675095,0.384661005022424,-0.8671777127671303,0.8270639746309754
-0.8997039358344043,-0.6486332419933999,-0.8671777127671303,0.9638585725965604
-1.466589409865281,0.4191041465896181,0.0437232460218721,-0.0298130777834175
-1.331954109782948,-0.407531251023041,1.410074684205376,-1.0586590487157603
-1.502019751992211,-0.6141901004262057,0.0437232460218721,-0.0291098283242696
-0.7721547041774571,1.7279435261429952,-0.411727233372629,0.5332254837015684
1.5449896709237514,0.5568767128583947,-0.411727233372629,-0.2664901754486837
-0.5808308566920362,-0.3730881094558468,-0.8671777127671303,1.493020959519239
1.275719070759085,0.3157747218880357,-2.233529150950634,-1.7507864343184074
-1.487847615141439,-0.6141901004262057,-0.8671777127671303,0.5828443265192575
0.6946614598774364,-0.5797469588590116,-0.8671777127671303,-1.2483278252429284
-0.5312283777143345,-0.958621516098147,-0.8671777127671303,1.6324316875073543
-1.3673844519098777,-0.7175195251277882,1.865525163599877,-1.364311846688527
-0.5524865829904924,-0.5108606757246233,0.0437232460218721,-0.0791404511394912
-1.0272531674913516,-0.958621516098147,0.9546242048108746,-0.9293069401884454
0.1490341911227175,0.7635355622615595,0.0437232460218721,0.2933575987934479
0.2269809438019631,-0.5797469588590116,-0.8671777127671303,-3.8203185477024766
1.3394936865875586,0.2813315803208416,0.4991737254163734,0.3726557309357163
1.119825565400594,-0.9930646576653412,-1.7780786715561328,-1.5878033583618754
0.6734032546012785,-0.5108606757246233,-0.8671777127671303,-1.2877348446023356
-0.5595726514158783,-0.8208489498293705,1.410074684205376,-2.5199585437616703
0.5387679545189453,0.3502178634552298,-0.8671777127671303,-1.609527089023902
-0.4745398303112468,0.5568767128583947,-0.8671777127671303,1.8274461527494352
1.5520757393491371,-0.924178374530953,-0.8671777127671303,-0.5587176602310506
1.0773091548482785,-0.2697586847542644,-0.8671777127671303,-0.8049404012400181
1.1906862496544537,-0.7864058082621764,0.4991737254163734,0.4192284350952111
0.8505549652359276,0.2813315803208416,-1.3226281921616316,-1.5549996134566446
1.2261165917813834,-0.0286566937839055,0.9546242048108746,0.7785690410840406
1.7079692447076285,-0.5453038172918175,0.9546242048108746,0.5589202607519315
-1.5303640256937547,2.1412612249493246,0.9546242048108746,-0.6237930497017612
-0.5595726514158783,0.2813315803208416,0.4991737254163734,-0.8920783475332011
-0.4178512829081591,-0.3730881094558468,0.9546242048108746,-2.2846574617202187
0.8292967599597696,0.1780021556192592,-0.411727233372629,-0.4964715751172731
-0.0706339300642471,0.5913198544255888,0.0437232460218721,-0.6190995882287599
0.0214849594657703,0.7635355622615595,1.410074684205376,65.6002485815734
0.4962515439666295,-0.958621516098147,0.4991737254163734,1.0058682392080327
1.4032683024160324,2.5201357821884605,-1.3226281921616316,-0.9425273588884364
-1.4736754782906671,2.416806357486878,0.0437232460218721,-0.0296697226514307
1.7575717236853303,-0.3386449678886527,0.9546242048108746,0.5431464107451007
1.4953871919460495,-0.2697586847542644,-0.8671777127671303,-0.5798979143719135
-0.439109488184317,-0.8897352329637588,2.3209756429943784,-5.285762578753274
-0.4178512829081591,0.1435590140520651,-1.3226281921616316,3.165384193146715
1.1694280443782956,0.1780021556192592,0.0437232460218721,0.0373882534710221
-1.126458125446755,-0.5108606757246233,0.0437232460218721,-0.0388151438438688
0.8718131705120854,-0.7519626666949822,-0.411727233372629,-0.4722600262284743
-0.4603676934604749,-0.2353155431870703,0.9546242048108746,-2.073657545798865
-0.956392483237492,-0.166429260052682,-1.3226281921616316,1.3829489930475778
0.2694973543542788,-0.5797469588590116,-0.411727233372629,-1.5277031469478792
-1.4099008624621934,-0.0975429769182938,-0.8671777127671303,0.6150672621941218
0.8930713757882432,-0.8552920913965647,-0.8671777127671303,-0.9709951817120248
-1.5799665046714564,-0.0286566937839055,0.4991737254163734,-0.3159414350587923
0.3828744491604542,-0.7519626666949822,0.0437232460218721,0.1141943636461171
-0.8784457305582465,0.3157747218880357,-0.411727233372629,0.468705016257679
-1.7146018047537896,-0.2008724016198761,0.4991737254163734,-0.2911326906103189
-0.9351342779613342,0.384661005022424,0.0437232460218721,-0.0467566151925744
-0.2406995722735102,0.7290924206943653,0.9546242048108746,-3.966205082312736
0.6734032546012785,-0.8208489498293705,0.0437232460218721,0.0649278072908741
-0.5737447882666502,1.3835121104710535,0.9546242048108746,-1.6638771507911445
-0.5099701724381767,0.4879904297240064,2.3209756429943784,-4.551288058237046
-0.2548717091242821,-0.8897352329637588,1.865525163599877,-7.319754583809068
-0.7367243620505273,4.758939984056079,-0.8671777127671303,1.1770881055630285
1.6583667657299268,-0.407531251023041,-0.8671777127671303,-0.5229075386771027
1.6512806973045409,-0.3042018263214586,-1.7780786715561328,-1.0767811351802274
0.8222106915343836,-0.958621516098147,-0.8671777127671303,-1.0546775600463791
-0.432023419758931,-0.166429260052682,0.0437232460218721,-0.1012080736896327
-0.5241423092889486,2.1412612249493246,-0.411727233372629,0.7855406470385099
1.7079692447076285,-0.9930646576653412,1.410074684205376,0.8255806904999904
1.7433995868345584,-0.407531251023041,0.0437232460218721,0.0250791588804205
0.5033376123920155,-0.1319861184854879,0.0437232460218721,0.0868649119325111
1.0560509495721202,-0.5453038172918175,1.865525163599877,1.76649384143569
0.8647271020866995,-0.3042018263214586,-0.411727233372629,-0.4761299502231244
1.1765141128036816,-0.683076383560594,-0.411727233372629,-0.3499522269811151
1.1623419759529097,0.0746727309176768,0.4991737254163734,0.4294514361771914
-1.502019751992211,-0.1319861184854879,0.4991737254163734,-0.3323372067020787
0.8009524862582258,1.452398393605442,0.0437232460218721,0.0545883818181417
1.1765141128036816,-0.407531251023041,-0.411727233372629,-0.3499522269811151
-1.5941386415222285,-0.4419743925902351,0.4991737254163734,-0.3131326496585081
1.0702230864228923,-0.8208489498293705,0.4991737254163734,0.466415897386235
1.0277066758705764,-0.0630998353510996,0.4991737254163734,0.485711419437195
1.7433995868345584,2.244590649650908,-1.3226281921616316,-0.7586445561327195
-0.9138760726851762,-0.7864058082621764,-0.8671777127671303,0.9489111574293776
-1.105199920170597,0.2813315803208416,-0.8671777127671303,0.7846413516269428
1.7433995868345584,0.7290924206943653,1.410074684205376,0.8088028738935605
0.0143988910403843,-1.0275077992325352,-0.411727233372629,-28.574526118537893
0.3899605175858401,-0.166429260052682,-0.8671777127671303,-2.223700699569545
0.3757883807350682,-0.0630998353510996,0.4991737254163734,1.3283019592579957
-0.7012940199235975,-0.8208489498293705,-0.411727233372629,0.5871048272531367
-0.0635478616388612,-0.2008724016198761,0.4991737254163734,-7.856319248727553
-0.8713596621328605,0.0057864477832885,1.865525163599877,-2.1409604486831464
-1.0130810306405795,-0.958621516098147,0.4991737254163734,-0.4927331947304213
1.3253215497367867,0.8324218453959477,-0.8671777127671303,-0.6543100199639504
-1.7146018047537896,0.2813315803208416,-0.411727233372629,0.240131343350117
1.1977723180798394,-0.2353155431870703,0.9546242048108746,0.796993068274066
-0.5950029935428082,-0.0286566937839055,0.0437232460218721,-0.0734853124261645
1.4953871919460495,-0.407531251023041,2.3209756429943784,1.5520797119954155
-1.0626835096182814,-0.924178374530953,0.9546242048108746,-0.8983231408052896
-0.1840110248704225,-0.924178374530953,0.4991737254163734,-2.7128855709793047
0.949759923191331,-0.8208489498293705,-0.8671777127671303,-0.913039770572349
-0.7579825673266852,2.93345348099479,-1.3226281921616316,1.7449552255254384
-0.6587776093712817,0.8668649869631418,-0.8671777127671303,1.3163636165942525
-1.7642042837314913,0.5568767128583947,-1.3226281921616316,0.7497066532627619
0.5671122282204891,1.4868415351726365,1.410074684205376,2.4863682184172102
1.0064484705944186,-0.407531251023041,-1.3226281921616316,-1.3141408521113462
-0.1273224774673348,0.660206137559977,0.4991737254163734,-3.920854698192868
-0.7296382936251413,-0.5453038172918175,-0.8671777127671303,1.188519853662168
-1.147716330722913,3.863418303309032,0.4991737254163734,-0.4349315779254748
0.6308868440489628,-0.166429260052682,0.9546242048108746,1.5131224919184856
0.0781735068688579,0.7979787038287536,-0.411727233372629,-5.266164819943989
1.1481698391021378,-0.2353155431870703,1.410074684205376,1.2280956660134676
-1.502019751992211,-0.5453038172918175,0.0437232460218721,-0.0291098283242696
-0.6942079514982116,0.3157747218880357,0.9546242048108746,-1.3751469631257387
-0.7579825673266852,-0.3042018263214586,1.410074684205376,-1.860324166056046
1.3040633444606289,-0.924178374530953,-0.8671777127671303,-0.6649761813249846
-1.7429460784553334,-0.958621516098147,-1.3226281921616316,0.7588506592472415
0.2765834227796648,-0.8552920913965647,0.4991737254163734,1.8047201571167395
0.0427431647419281,-0.958621516098147,-1.3226281921616316,-30.93638097075245
-0.8997039358344043,-0.7175195251277882,-0.411727233372629,0.4576303306866021
-0.8855317989836324,-0.4419743925902351,0.9546242048108746,-1.0780358043207463
-0.6942079514982116,0.4879904297240064,-0.8671777127671303,1.2491793023813962
-1.0768556464690533,0.7290924206943653,0.0437232460218721,-0.0406030763696166
-0.6091751303935801,-0.924178374530953,0.9546242048108746,-1.5671025099452005
1.6583667657299268,0.2124452971864533,-0.411727233372629,-0.2482712263466916
0.9355877863405592,0.5224335712912005,0.0437232460218721,0.0467329515527058
-0.0068593142357735,0.4879904297240064,0.0437232460218721,-6.383594695292037
-0.7012940199235975,-0.5108606757246233,-1.3226281921616316,1.8860093123264483
1.0843952232736642,-0.8897352329637588,-0.8671777127671303,-0.7996805014911721
0.8222106915343836,1.1079669779335009,0.0437232460218721,0.0531770198342712
-0.3044741881019838,-1.0275077992325352,-0.411727233372629,1.352301024101778
1.5804200130506814,-0.7175195251277882,0.0437232460218721,0.0276654110974985
1.133997702251366,-0.683076383560594,0.4991737254163734,0.4401854805971377
-0.9847367569390358,-0.9930646576653412,0.0437232460218721,-0.044401399386956
0.3757883807350682,0.4191041465896181,-1.3226281921616316,-3.5195154102967328
-0.098978203765791,1.0390806947991125,0.0437232460218721,-0.4417908414842361
1.0631370179975064,-0.2697586847542644,0.0437232460218721,0.041126246212144
-1.5232779572683688,1.1079669779335009,-0.411727233372629,0.2702920595211411
1.6016782183268392,0.901308128530336,-1.3226281921616316,-0.8257713186797864
1.0418788127213483,-0.7864058082621764,-0.8671777127671303,-0.8323131049868137
0.418304791287384,0.1435590140520651,0.4991737254163734,1.1932968563701565
0.8718131705120854,-0.7519626666949822,-1.3226281921616316,-1.51708309310563
-1.3957287256114217,-0.6486332419933999,0.4991737254163734,-0.3576463625919332
1.2261165917813834,-0.5453038172918175,0.0437232460218721,0.0356596507366736
0.8080385546836117,-0.5108606757246233,0.4991737254163734,0.6177521419016991
-1.4453312045891231,0.3157747218880357,1.865525163599877,-1.290733961195989
1.5591618077745233,0.4535472881568123,-1.3226281921616316,-0.8482889349118484
-0.8642735937074746,0.3157747218880357,-1.3226281921616316,1.5303527787024878
-1.126458125446755,-0.9930646576653412,1.865525163599877,-1.6561128040050674
-1.0981138517452111,-0.2697586847542644,0.4991737254163734,-0.4545778840708363
-0.4249373513335451,-0.8552920913965647,-0.8671777127671303,2.0407669923945244
-0.2548717091242821,0.384661005022424,-1.3226281921616316,5.189591628755258
0.942673854765945,-0.7864058082621764,0.0437232460218721,0.0463816642247766
1.4812150550952778,-0.958621516098147,-0.8671777127671303,-0.5854462897343782
-0.446195556609703,3.036782905696372,-0.8671777127671303,1.9435360466535372
1.5945921499014533,-0.0630998353510996,0.0437232460218721,0.0274195328437091
-0.7367243620505273,-0.6486332419933999,-0.8671777127671303,1.1770881055630285
1.5875060814760673,0.8324218453959477,-2.233529150950634,-1.40693324433848
0.6450589808997347,-0.3730881094558468,-0.8671777127671303,-1.344317799249316
-0.7792407726028431,-0.4419743925902351,0.0437232460218721,-0.0561107794496161
-0.1556667511688786,-0.5453038172918175,0.0437232460218721,-0.2808952756211321
-0.7083800883489835,-0.924178374530953,0.0437232460218721,-0.061723732750742
1.3820100971398743,3.3812143213683137,0.4991737254163734,0.3611913650528137
-1.622482915223772,-0.7175195251277882,-0.411727233372629,0.2537652428643738
0.0285710278911562,1.7279435261429952,-0.411727233372629,-14.405613224989311
1.630022492028383,-0.4419743925902351,-1.3226281921616316,-0.8114121642543315
-0.3965930776320013,0.7290924206943653,0.4991737254163734,-1.2586863978083511
0.6734032546012785,1.176853261067889,0.0437232460218721,0.0649278072908741
1.5945921499014533,-0.0975429769182938,-1.7780786715561328,-1.1150610023108387
-0.0281175195119314,-0.5453038172918175,0.4991737254163734,-17.759437121602932
-0.2336135038481242,-0.3042018263214586,-0.411727233372629,1.762504528358063
1.0702230864228923,1.0046375532319185,0.0437232460218721,0.0408539472163125
-0.269043845975054,-0.2697586847542644,1.865525163599877,-6.9341653160355765
0.6238007756235768,0.5224335712912005,0.0437232460218721,0.0700905590772543
-0.4178512829081591,-0.5453038172918175,0.9546242048108746,-2.2846574617202187
0.942673854765945,0.7290924206943653,-1.3226281921616316,-1.4030453427994918
1.452870781393734,0.0057864477832885,0.0437232460218721,0.030094173301631
-0.2194413669973523,1.3490689689038595,0.0437232460218721,-0.1992570461560298
1.5237314656475935,2.1068180833821306,-0.411727233372629,-0.2702080652492081
-0.6446054725205098,0.4879904297240064,0.0437232460218721,-0.0678305198932047
0.7300918020043662,-0.3730881094558468,0.9546242048108746,1.3075220499252591
1.1765141128036816,-0.0286566937839055,-0.8671777127671303,-0.737067522314207
0.8647271020866995,0.4191041465896181,-0.411727233372629,-0.4761299502231244
1.3607518918637165,-0.2008724016198761,-0.411727233372629,-0.3025711080200242
-0.1910970932958084,-1.0275077992325352,0.0437232460218721,-0.228813182867287
-1.466589409865281,-0.4419743925902351,-1.7780786715561328,1.212398496525644
1.0418788127213483,-0.6486332419933999,0.0437232460218721,0.0419653666379906
-1.7075157363284037,-0.924178374530953,-1.7780786715561328,1.0413310091592898
0.0498292331673141,1.1424101195006948,-0.8671777127671303,-17.39949950385368
-0.9847367569390358,1.0390806947991125,2.3209756429943784,-2.35697428412425
-0.5028841040127907,0.4879904297240064,-0.411727233372629,0.8187481321610401
0.0073128226149983,-0.6486332419933999,0.9546242048108746,130.36287439977613
0.772608212556682,0.2468884387536475,0.4991737254163734,0.6460807127035623
0.8080385546836117,-0.3386449678886527,0.9546242048108746,1.1813946071404755
0.4466490649889278,-0.1319861184854879,1.410074684205376,3.15693734826658
-0.1485806827434927,-0.5108606757246233,0.9546242048108746,-6.425387480106243
-0.5666587198412643,0.2813315803208416,-0.411727233372629,0.7266004827258173
-1.2398352202529304,-0.6141901004262057,0.4991737254163734,-0.4026162053023405
1.6016782183268392,-0.3042018263214586,1.410074684205376,0.8803677695015905
0.1419481226973316,2.175704366516519,0.0437232460218721,0.3080010160115622
0.0994317121450158,-0.1319861184854879,-1.7780786715561328,-17.8806120007584
1.6725389025806987,-0.2353155431870703,0.0437232460218721,0.0261416846792391
-0.1910970932958084,-0.958621516098147,1.410074684205376,-7.3792251474700015
-1.7429460784553334,-0.7519626666949822,-1.3226281921616316,0.7588506592472415
0.0923456437196298,-0.5108606757246233,2.77642612238888,30.06233306994708
-0.3540766670796855,-1.0275077992325352,-0.411727233372629,1.16285228645928
1.3678379602891024,-0.3042018263214586,-0.411727233372629,-0.301003653421838
0.4466490649889278,-0.407531251023041,1.865525163599877,4.1766199542958375
0.4679072702650857,0.2813315803208416,0.9546242048108746,2.040155953786571
1.4883011235206638,-0.8897352329637588,0.0437232460218721,0.0293777593480877
-0.97765068851365,-0.8897352329637588,-0.411727233372629,0.4211437169197571
1.3820100971398743,-0.3386449678886527,-0.411727233372629,-0.2979169653355324
-0.1981831617211944,3.036782905696372,-0.411727233372629,2.077613486087885
-1.4028147940368074,-0.924178374530953,0.0437232460218721,-0.031168446392353
1.112739496975208,-0.8552920913965647,-0.411727233372629,-0.3700089143979206
-1.502019751992211,-0.2008724016198761,-0.411727233372629,0.2741175500535393
-0.084806066915019,-0.0286566937839055,1.410074684205376,-16.629010465998668
0.4820794071158576,-0.0286566937839055,-0.411727233372629,-0.854047459444968
-0.6658636777966677,-0.3730881094558468,-0.8671777127671303,1.3023547690487354
0.8222106915343836,-0.5108606757246233,-0.8671777127671303,-1.0546775600463791
1.630022492028383,-0.924178374530953,0.4991737254163734,0.3062354449114143
-1.5445361625445266,0.7635355622615595,1.410074684205376,-0.9129496918863136
0.3970465860112261,0.8668649869631418,0.9546242048108746,2.404252286559186
0.1702923963988754,0.9701944116647242,0.4991737254163734,2.931102180425158
-0.3399045302289136,-0.6141901004262057,-0.411727233372629,1.2113382145200668
-1.0768556464690533,3.5878731707714784,0.4991737254163734,-0.4635517885531228
0.3120137649065946,-0.683076383560594,2.3209756429943784,7.438457912618196
-0.432023419758931,-0.2008724016198761,-0.411727233372629,0.9530426939107078
1.6087642867522252,0.384661005022424,-1.3226281921616316,-0.8221340949150412
-1.0981138517452111,0.93575127009753,0.9546242048108746,-0.8693387272011613
0.6379729124743487,-0.5453038172918175,-0.411727233372629,-0.6453577757683021
-1.7287739416045615,-0.0975429769182938,0.0437232460218721,-0.0252916230895527
1.1977723180798394,-0.7864058082621764,0.0437232460218721,0.0365034993102626
0.4749933386904716,0.7635355622615595,-0.8671777127671303,-1.825624458046626
1.3961822339906464,0.8324218453959477,2.3209756429943784,1.6623610893182543
1.7150553131330144,3.725645737040255,-0.411727233372629,-0.2400650460480142
0.3049276964812086,1.0046375532319185,0.0437232460218721,0.1433841946286445
-0.8642735937074746,-0.2697586847542644,0.4991737254163734,-0.5775711589042447
-0.27612991440044,-0.2008724016198761,0.0437232460218721,-0.1583487598741718
-0.1414946143181067,0.660206137559977,-0.8671777127671303,6.129130838335626
1.7150553131330144,-0.7864058082621764,0.0437232460218721,0.0254936332086387
0.0994317121450158,-0.0286566937839055,-0.411727233372629,-4.140387614929711
-1.416986930887579,-0.4419743925902351,-0.8671777127671303,0.6119914120436241
0.0073128226149983,0.625762995992783,2.77642612238888,379.1469858497306
-1.7712903521568772,2.93345348099479,0.0437232460218721,-0.0246845430022585
0.9993624021690326,1.7623866677101891,-1.3226281921616316,-1.3234587920288838
-1.105199920170597,-1.0275077992325352,0.4991737254163734,-0.4516632990457612
-0.4036791460573872,-0.924178374530953,0.4991737254163734,-1.236591228960087
-1.289437699230632,-0.2697586847542644,0.4991737254163734,-0.3871281233637352
0.6946614598774364,-0.7864058082621764,0.9546242048108746,1.3742096227464171
-0.8501014568567027,-0.7519626666949822,-0.411727233372629,0.4843328680128503
-1.502019751992211,-0.8552920913965647,-0.8671777127671303,0.5773449284313483
-0.1981831617211944,0.0746727309176768,-1.3226281921616316,6.67410349955666
-1.3744705203352636,-0.9930646576653412,-0.411727233372629,0.2995555181695571
-1.296523767656018,0.2124452971864533,-2.233529150950634,1.7227191925533172
-1.126458125446755,-0.9930646576653412,-1.3226281921616316,1.17415810127703
0.1490341911227175,-0.166429260052682,0.9546242048108746,6.404974240323607
-1.4311590677383512,0.5568767128583947,0.9546242048108746,-0.6670333834053149
0.0427431647419281,0.4535472881568123,1.410074684205376,32.9817615308022
1.133997702251366,0.2468884387536475,0.0437232460218721,0.0385563924610631
-1.2540073571037025,-0.3042018263214586,-0.411727233372629,0.3283318190746237
-0.1981831617211944,2.0034886586805483,-1.3226281921616316,6.67410349955666
-1.0981138517452111,0.384661005022424,0.9546242048108746,-0.8693387272011613
-0.8430153884313167,0.0746727309176768,1.410074684205376,-1.6726757664375955
0.5458540229443313,0.1780021556192592,0.0437232460218721,0.0800991532397275
1.0773091548482785,1.452398393605442,0.0437232460218721,0.0405852303146228
-0.8784457305582465,-0.9930646576653412,0.0437232460218721,-0.0497739840273641
-1.7429460784553334,-0.5108606757246233,0.4991737254163734,-0.2863981826911076
1.45995684981912,-0.8897352329637588,0.4991737254163734,0.3419075751468039
0.772608212556682,-0.7519626666949822,-0.8671777127671303,-1.1223883914120276
-1.672085394201474,-0.5797469588590116,-0.411727233372629,0.2462372419332538
-0.7296382936251413,2.795680914726013,0.4991737254163734,-0.6841479829904077
0.4537351334143138,-0.3730881094558468,1.865525163599877,4.111394318573263
-0.2052692301465803,-0.7175195251277882,-0.8671777127671303,4.224792776178
-0.3540766670796855,-0.0286566937839055,-1.7780786715561328,5.02187536099229
-1.331954109782948,-0.924178374530953,0.0437232460218721,-0.0328266371694809
0.6167147071981909,-0.5797469588590116,-1.7780786715561328,-2.883099462050138
1.6796249710060849,-0.9930646576653412,0.0437232460218721,0.0260313977600039
-1.3673844519098777,-0.7175195251277882,0.0437232460218721,-0.0319760589067623
0.765522144131296,-0.0975429769182938,-0.411727233372629,-0.5378314111680383
-0.9067900042597904,-0.0975429769182938,0.0437232460218721,-0.0482181409123194
-1.5161918888429828,-0.3730881094558468,-0.411727233372629,0.2715553037550285
0.9568459916167168,-0.8208489498293705,-0.8671777127671303,-0.9062781864405062
1.467042918244506,-0.2697586847542644,0.0437232460218721,0.0298034552660799
-0.6446054725205098,-0.7519626666949822,0.0437232460218721,-0.0678305198932047
-0.3824209407812293,2.072374941814936,-0.8671777127671303,2.2676592646527536
0.7371778704297521,-0.5108606757246233,-0.411727233372629,-0.5585105912453605
0.4324769281381559,-0.8897352329637588,1.410074684205376,3.260386828974711
0.1419481226973316,0.0057864477832885,-0.411727233372629,-2.900342900775541
-1.2114909465513866,-0.1319861184854879,0.4991737254163734,-0.4120359687350645
-1.5445361625445266,-0.166429260052682,0.0437232460218721,-0.0283085175778702
0.8080385546836117,-0.5108606757246233,-1.3226281921616316,-1.6368177190534072
-1.0626835096182814,-0.8208489498293705,1.865525163599877,-1.7555017102759858
-1.0697695780436671,-0.5453038172918175,0.4991737254163734,-0.4666223473588728
-0.5312283777143345,-0.5797469588590116,1.410074684205376,-2.654416231367001
-0.5383144461397205,0.2813315803208416,1.410074684205376,-2.619474340807101
1.0347927442959624,-0.4419743925902351,-1.3226281921616316,-1.2781452305303789
1.452870781393734,0.0746727309176768,-1.3226281921616316,-0.9103487423743382
-0.0281175195119314,-0.2697586847542644,-0.8671777127671303,30.85216083898903
-0.4603676934604749,0.0402295893504827,1.410074684205376,-3.0629979779548124
-0.6375194040951239,-0.958621516098147,0.4991737254163734,-0.7830060579653674
1.6583667657299268,-0.958621516098147,-0.8671777127671303,-0.5229075386771027
0.6096286387728049,-0.8552920913965647,0.0437232460218721,0.0717199390607631
-0.0635478616388612,-0.1319861184854879,-0.411727233372629,6.480029745300827
1.3820100971398743,-0.5453038172918175,0.0437232460218721,0.0316371998586406
0.3049276964812086,-1.0275077992325352,-1.7780786715561328,-5.830957248231539
-0.5170562408635626,1.6246141014414126,0.4991737254163734,-0.965433429286056
-0.1769249564450365,-0.5797469588590116,2.77642612238888,-15.69356360919916
-0.8146711147297728,-0.924178374530953,0.0437232460218721,-0.0536704713546753
1.4316125761175762,-0.166429260052682,0.9546242048108746,0.6668127624808239
1.5733339446252954,-0.2353155431870703,0.0437232460218721,0.0277900113139503
0.6663171861758925,-0.4764175341574292,-0.411727233372629,-0.6179055003527113
1.1765141128036816,-0.0630998353510996,1.410074684205376,1.1985089543512528
1.0843952232736642,-0.8897352329637588,-0.411727233372629,-0.3796802381029514
-0.4957980355874047,-0.958621516098147,-1.3226281921616316,2.667729144763639
1.4883011235206638,-0.5453038172918175,0.4991737254163734,0.3353960858906681
1.7363135184091725,-0.3042018263214586,-1.3226281921616316,-0.7617406423046262
0.5600261597951032,0.9701944116647242,0.0437232460218721,0.0780721838351811
0.2269809438019631,-0.5453038172918175,0.4991737254163734,2.1990909287194933
-1.4099008624621934,-0.924178374530953,-1.7780786715561328,1.2611463191207202
-0.7508964989012992,-0.924178374530953,-0.411727233372629,0.5483215292525173
1.3749240287144884,-1.0275077992325352,0.0437232460218721,0.0318002501274564
0.9568459916167168,-0.4764175341574292,-1.3226281921616316,-1.3822646288987552
-0.0777199984896331,-0.0975429769182938,0.4991737254163734,-6.423545684188444
1.7079692447076285,-0.3042018263214586,-0.411727233372629,-0.2410610284922452
0.4253908597127699,0.625762995992783,0.0437232460218721,0.1027812826974398
-0.2194413669973523,-0.2353155431870703,0.0437232460218721,-0.1992570461560298
0.2978416280558227,0.2813315803208416,-0.411727233372629,-1.38232325960449
-0.7225522251997554,2.692351490024431,-1.3226281921616316,1.8305202741555695
-0.8217571831551588,-0.9930646576653412,-0.411727233372629,0.5010388131685125
1.3111494128860148,-0.3730881094558468,0.0437232460218721,0.0333470099761799
-1.317781972932176,0.7290924206943653,-0.8671777127671303,0.658063557716721
-0.7012940199235975,-0.8897352329637588,-1.3226281921616316,1.8860093123264483
0.3190998333319805,0.8668649869631418,-0.411727233372629,-1.2902367472465053
0.5671122282204891,-0.2697586847542644,0.0437232460218721,0.0770966889431693
-0.7012940199235975,-0.407531251023041,0.9546242048108746,-1.3612519003568306
0.7088335967282083,-0.7519626666949822,0.0437232460218721,0.0616825012226737
1.4812150550952778,-0.5108606757246233,-0.8671777127671303,-0.5854462897343782
-1.5445361625445266,-0.3386449678886527,-0.8671777127671303,0.5614522652944254
-1.5232779572683688,0.4191041465896181,-0.411727233372629,0.2702920595211411
-1.0272531674913516,-0.3042018263214586,0.0437232460218721,-0.0425636766498524
-1.0697695780436671,-0.0975429769182938,0.9546242048108746,-0.892372664292151
-1.0981138517452111,-0.9930646576653412,0.0437232460218721,-0.0398170409405112
1.12691163382598,-0.8208489498293705,3.2318766017833807,2.867880520503389
-0.0493757247880892,-0.2697586847542644,-0.411727233372629,8.340346164065004
-1.5799665046714564,0.8668649869631418,0.9546242048108746,-0.6042091677766684
1.3749240287144884,-0.8208489498293705,0.0437232460218721,0.0318002501274564
0.8647271020866995,-0.6486332419933999,0.0437232460218721,0.0505624725900663
-0.6446054725205098,0.384661005022424,0.9546242048108746,-1.4809663510016358
0.751350007280524,-1.0275077992325352,-1.3226281921616316,-1.7603122063267094
-0.4036791460573872,0.8324218453959477,0.0437232460218721,-0.1083145602008836
-0.4816258987366328,0.4879904297240064,0.0437232460218721,-0.0907844739689164
-1.0485113727675095,-0.958621516098147,-0.411727233372629,0.3926816350138664
-0.7579825673266852,-0.4419743925902351,3.687327081177882,-4.864723659040616
-0.1060642721911769,-0.3730881094558468,1.410074684205376,-13.295783895094091
-1.4311590677383512,-0.3730881094558468,0.4991737254163734,-0.348792265368428
1.282805139184471,-0.2008724016198761,-1.3226281921616316,-1.0310356899923017
-0.7012940199235975,-0.3386449678886527,0.9546242048108746,-1.3612519003568306
0.0285710278911562,-0.4764175341574292,-0.411727233372629,-14.405613224989311
-0.1698388880196505,-0.5108606757246233,-0.8671777127671303,5.106184954039096
-0.3895070092066153,-0.7864058082621764,-0.411727233372629,1.057074184500917
-0.4178512829081591,1.0046375532319185,-0.411727233372629,0.9853675311999416
1.7150553131330144,-0.0975429769182938,0.4991737254163734,0.2910523124652917
0.6875753914520505,-0.9930646576653412,0.9546242048108746,1.3883718541414742
-0.97765068851365,-0.0975429769182938,0.4991737254163734,-0.5105901700708562
0.2765834227796648,-0.9930646576653412,0.4991737254163734,1.8047201571167395
0.5175097492427875,-0.5453038172918175,1.410074684205376,2.724678017154971
0.9993624021690326,0.1780021556192592,0.4991737254163734,0.4994872025012591
-1.487847615141439,-0.9930646576653412,0.0437232460218721,-0.0293871089001306
0.234067012227349,-0.0630998353510996,-1.3226281921616316,-5.650397617332106
-1.289437699230632,-1.0275077992325352,1.865525163599877,-1.4467853953447622
0.9639320600421027,-0.2008724016198761,-1.7780786715561328,-1.8445908164630456
-0.7154661567743694,0.2468884387536475,-1.3226281921616316,1.848650234732334
0.7796942809820679,0.2124452971864533,0.0437232460218721,0.0560767038072447
-1.3957287256114217,1.3835121104710535,0.0437232460218721,-0.0313266886941839
0.071087438443472,0.93575127009753,-1.3226281921616316,-18.60303579309997
0.9072435126390151,-0.3386449678886527,0.9546242048108746,1.0522132915573597
0.0923456437196298,-0.958621516098147,-0.8671777127671303,-9.389547599274808
0.0569153015927001,0.7979787038287536,0.9546242048108746,16.769769822937437
-0.0139453826611594,-0.6486332419933999,-1.3226281921616316,94.91150866262488
-1.615396846798386,-0.4764175341574292,0.9546242048108746,-0.5909570247540958
1.1623419759529097,-0.958621516098147,1.410074684205376,1.2131219401501685
-0.1273224774673348,-0.6141901004262057,-1.3226281921616316,10.388833981343147
1.1977723180798394,1.0046375532319185,1.865525163599877,1.5574826372378696
-1.480761546716053,0.1435590140520651,0.0437232460218721,-0.0295277395582261
0.9143295810644012,-0.2697586847542644,1.865525163599877,2.0402979398837595
0.6450589808997347,-0.4419743925902351,0.4991737254163734,0.7738299936855307
-1.7712903521568772,-1.0275077992325352,-0.8671777127671303,0.4895767695447947
-0.623347267244352,-1.0275077992325352,1.865525163599877,-2.9928022302388344
-1.487847615141439,-0.6486332419933999,0.0437232460218721,-0.0293871089001306
-0.2052692301465803,-0.5108606757246233,-0.411727233372629,2.005889007176949
-0.084806066915019,0.1780021556192592,0.4991737254163734,-5.886755643002113
-0.8571875252820886,-1.0275077992325352,1.865525163599877,-2.1763579988707136
-0.6446054725205098,-0.6141901004262057,0.0437232460218721,-0.0678305198932047
0.418304791287384,-0.166429260052682,0.4991737254163734,1.1932968563701565
-0.446195556609703,-0.958621516098147,-0.411727233372629,0.922771316268276
-0.3115602565273698,-0.2353155431870703,1.410074684205376,-4.525994296786915
-0.7650686357520712,1.6590572430086068,0.0437232460218721,-0.0571501895131098
0.1844645332496473,2.244590649650908,-0.8671777127671303,-4.70079906148123
-0.8075850463043869,-0.3386449678886527,-0.411727233372629,0.5098315447669777
-0.8217571831551588,0.1435590140520651,-0.411727233372629,0.5010388131685125
-0.7579825673266852,1.0046375532319185,-1.3226281921616316,1.7449552255254384
-0.2406995722735102,-0.2697586847542644,-0.8671777127671303,3.602888586223019
0.4679072702650857,-1.0275077992325352,-0.8671777127671303,-1.8532714389358924
-0.5454005145651064,-0.0975429769182938,-1.7780786715561328,3.2601936118635466
1.2190305233559973,-0.4419743925902351,0.9546242048108746,0.7830947261562814
-1.317781972932176,-0.3730881094558468,0.9546242048108746,-0.7244229080747098
0.241153080652735,2.313476932785296,0.0437232460218721,0.1813015736220082
-0.3044741881019838,-0.3730881094558468,-1.3226281921616316,4.344117449105712
1.0773091548482785,1.7968298092773831,0.0437232460218721,0.0405852303146228
0.8363828283851555,-0.6486332419933999,0.4991737254163734,0.5968173189386865
0.8859853073628573,-0.2008724016198761,0.0437232460218721,0.0493492975171768
0.0073128226149983,-0.2697586847542644,0.4991737254163734,68.16684653728751
0.234067012227349,1.3146258273366656,-0.8671777127671303,-3.7046684102618217
-1.4453312045891231,0.7290924206943653,-1.3226281921616316,0.9151102107698124
-0.616261198818966,-0.8897352329637588,0.0437232460218721,-0.0709503626210658
1.7433995868345584,1.417955252038248,-0.411727233372629,-0.2361620794572928
-0.7083800883489835,1.0735238363663069,1.865525163599877,-2.633545930698323
1.3465797550129446,-0.8552920913965647,0.4991737254163734,0.3706947298225768
1.3890961655652605,0.3157747218880357,-0.8671777127671303,-0.6242702928427757
1.4174404392668043,0.1091158724848709,-0.8671777127671303,-0.6117869724007351
0.1206899174211737,-0.7864058082621764,0.4991737254163734,4.135659212379926
-1.0414253043421235,-0.0286566937839055,0.4991737254163734,-0.4793224406584925
-1.452417273014509,-1.0275077992325352,-0.411727233372629,0.2834791872930232
0.3403580386081384,0.0402295893504827,-0.411727233372629,-1.2096530422077778
0.1206899174211737,-0.4764175341574292,0.0437232460218721,0.3622475222522565
-0.623347267244352,-0.8208489498293705,0.4991737254163734,-0.8008084092631257
0.234067012227349,0.4879904297240064,-0.411727233372629,-1.758939203191537
1.275719070759085,-0.2008724016198761,0.9546242048108746,0.748296975189923
-0.269043845975054,0.384661005022424,-0.8671777127671303,3.223303408625912
-0.623347267244352,0.93575127009753,0.4991737254163734,-0.8008084092631257
-0.1840110248704225,0.3157747218880357,0.0437232460218721,-0.2376250135164356
-0.3469905986542995,-0.7519626666949822,-0.411727233372629,1.1866001585375017
-0.9138760726851762,-0.7519626666949822,-0.8671777127671303,0.9489111574293776
1.3536658234383303,-0.3730881094558468,0.4991737254163734,0.3687542591611589
-0.8501014568567027,1.93460237554616,0.4991737254163734,-0.5872000258208895
1.119825565400594,1.4868415351726365,0.4991737254163734,0.4457562706876577
-0.9138760726851762,-0.407531251023041,0.4991737254163734,-0.5462219687723728
0.949759923191331,0.1780021556192592,-0.411727233372629,-0.4335020759440144
-1.2398352202529304,2.0034886586805483,0.0437232460218721,-0.0352656530191831
-1.7500321468807194,0.1091158724848709,0.4991737254163734,-0.285238519013095
-0.4532816250350889,0.5224335712912005,-1.3226281921616316,2.9179593848594503
1.0560509495721202,-0.8208489498293705,-0.411727233372629,-0.3898707110981111
0.1844645332496473,0.0402295893504827,-0.8671777127671303,-4.70079906148123
1.211944454930611,-0.8552920913965647,0.0437232460218721,0.0360766412004941
-1.6933435994776318,-0.6486332419933999,-1.3226281921616316,0.7810795182766366
0.8363828283851555,-0.2008724016198761,1.410074684205376,1.68590001773191
-1.0981138517452111,-1.0275077992325352,-0.8671777127671303,0.7897046453201388
1.112739496975208,-0.407531251023041,1.410074684205376,1.267198671433587
0.6946614598774364,-0.7519626666949822,1.410074684205376,2.0298439847437533
-0.7579825673266852,1.693500384575801,-0.8671777127671303,1.1440753269285242
0.6521450493251206,-0.5453038172918175,0.9546242048108746,1.4637994535176302
-1.3957287256114217,-0.6486332419933999,1.865525163599877,-1.336605384285181
1.1977723180798394,0.2124452971864533,-1.3226281921616316,-1.1042308541354426
0.248239149078121,-0.5797469588590116,0.4991737254163734,2.0107771860248733
0.4608212018396997,0.4535472881568123,0.0437232460218721,0.0948790920565341
1.2190305233559973,-0.3386449678886527,-0.8671777127671303,-0.7113608581114311
-0.446195556609703,-1.0275077992325352,-1.3226281921616316,2.9643007770387992
-0.7083800883489835,-0.6141901004262057,1.410074684205376,-1.990590381211428
0.1561202595481035,0.384661005022424,-0.411727233372629,-2.637075186862009
-0.2194413669973523,1.1424101195006948,-0.411727233372629,1.876337184635946
0.0002267541896124,-0.3730881094558468,-0.411727233372629,-1739.0494083616372
0.8647271020866995,-0.5453038172918175,-1.7780786715561328,-2.056207218662697
-0.5524865829904924,0.1435590140520651,0.0437232460218721,-0.0791404511394912
0.949759923191331,1.417955252038248,-0.411727233372629,-0.4335020759440144
0.5387679545189453,-0.5108606757246233,1.865525163599877,3.462512057059824
1.5449896709237514,-0.6486332419933999,-0.8671777127671303,-0.5612801925379356
1.3820100971398743,-0.2008724016198761,-1.3226281921616316,-0.9570252957238784
-0.6091751303935801,-0.5108606757246233,0.4991737254163734,-0.8194390987118032
-0.5737447882666502,-0.5453038172918175,-0.411727233372629,0.7176264047305317
0.751350007280524,1.1424101195006948,0.9546242048108746,1.2705283693046774
-1.4453312045891231,2.210147508083713,-0.411727233372629,0.2848690187795834
-0.7579825673266852,-0.9930646576653412,1.865525163599877,-2.46120406465296
0.772608212556682,-0.5797469588590116,0.0437232460218721,0.0565910113316989
0.765522144131296,0.5224335712912005,-0.411727233372629,-0.5378314111680383
-1.0626835096182814,-0.8897352329637588,0.4991737254163734,-0.4697338560699415
1.105653428549822,-1.0275077992325352,0.0437232460218721,0.039544806215775
0.4395629965635418,-0.4764175341574292,-0.411727233372629,-0.9366526983945712
0.0143988910403843,-0.1319861184854879,-0.8671777127671303,-60.183515187716985
0.2624112859288929,-0.7175195251277882,0.4991737254163734,1.9021845870827423
-0.1698388880196505,0.2468884387536475,0.4991737254163734,-2.9392745323670435
-1.0697695780436671,-1.0275077992325352,0.4991737254163734,-0.4666223473588728
1.4883011235206638,-0.2353155431870703,0.0437232460218721,0.0293777593480877
0.3545301754589103,-0.166429260052682,0.0437232460218721,0.1233238122175507
1.211944454930611,-0.0975429769182938,-0.411727233372629,-0.3397217046379865
-0.6729497462220537,-0.0975429769182938,-0.8671777127671303,1.2886409483695185
-1.2469212886783163,-0.0630998353510996,-0.8671777127671303,0.6954606319157711
1.0702230864228923,-0.5453038172918175,0.4991737254163734,0.466415897386235
1.630022492028383,1.176853261067889,0.9546242048108746,0.5856473472028508
-0.1273224774673348,0.384661005022424,0.4991737254163734,-3.920854698192868
0.751350007280524,3.243441755099537,-0.411727233372629,-0.5479759760741546
1.622936423602997,-0.9930646576653412,1.865525163599877,1.1494681133455698
-0.5170562408635626,-0.924178374530953,1.865525163599877,-3.608043180981464
-1.7358600100299475,-0.0286566937839055,-0.8671777127671303,0.4995694949197652
0.6450589808997347,1.452398393605442,-0.8671777127671303,-1.344317799249316
-1.7712903521568772,1.0046375532319185,-0.411727233372629,0.232446113271268
-1.686257531052246,0.7635355622615595,-0.411727233372629,0.2441677308880651
-1.0768556464690533,-0.6141901004262057,-0.411727233372629,0.3823456358138895
0.8222106915343836,-0.3730881094558468,-2.233529150950634,-2.716459429867355
0.8151246231089977,2.761237773158819,0.4991737254163734,0.6123819443621219
0.7371778704297521,1.176853261067889,-0.411727233372629,-0.5585105912453605
0.6238007756235768,0.0057864477832885,0.4991737254163734,0.8002005494653197
1.3465797550129446,-0.407531251023041,2.3209756429943784,1.7235952036276017
-1.0201670990659657,-0.9930646576653412,-0.411727233372629,0.4035919896549246
0.248239149078121,0.7635355622615595,0.9546242048108746,3.845427903200852
1.7433995868345584,-0.7864058082621764,0.0437232460218721,0.0250791588804205
-1.3957287256114217,-1.0275077992325352,-0.8671777127671303,0.6213126591013146
-0.8855317989836324,2.3479200743524897,0.0437232460218721,-0.04937568569408
0.1844645332496473,0.0402295893504827,0.0437232460218721,0.2370150787301462
-0.4603676934604749,-1.0275077992325352,-0.8671777127671303,1.883704182824923
1.1836001812290675,0.5913198544255888,-0.411727233372629,-0.3478571238252523
1.5945921499014533,-0.5797469588590116,0.4991737254163734,0.3130396666323461
-0.6304333356697379,-0.958621516098147,-0.411727233372629,0.6530964354852531
1.6512806973045409,-0.3730881094558468,-0.411727233372629,-0.2493366153183722
-1.0343392359167376,1.452398393605442,0.0437232460218721,-0.0422720778873854
0.8080385546836117,-0.924178374530953,0.9546242048108746,1.1813946071404755
-0.6375194040951239,0.3502178634552298,1.410074684205376,-2.211849229435016
1.6937971078568566,-0.924178374530953,-1.3226281921616316,-0.7808611653750402
1.3820100971398743,-0.958621516098147,-0.8671777127671303,-0.6274711305297054
1.4812150550952778,2.5201357821884605,-0.411727233372629,-0.2779639947058182
-0.5241423092889486,1.2801826857694714,-0.411727233372629,0.7855406470385099
1.0064484705944186,-0.683076383560594,-0.411727233372629,-0.4090851688390691
-0.1414946143181067,-0.8208489498293705,0.4991737254163734,-3.528113129630172
-0.8642735937074746,-0.2008724016198761,-0.411727233372629,0.4763908098991214
0.9568459916167168,-0.3386449678886527,0.9546242048108746,0.99766758339249
-1.3673844519098777,-0.5797469588590116,0.0437232460218721,-0.0319760589067623
-0.1414946143181067,-0.4764175341574292,0.0437232460218721,-0.3090318069749058
-1.3673844519098777,0.0402295893504827,-1.3226281921616316,0.9672757819295608
-1.1831466728498428,-0.8208489498293705,-0.411727233372629,0.3479963412687515
-0.6375194040951239,0.0057864477832885,-0.8671777127671303,1.360258699239105
-0.8855317989836324,-0.924178374530953,-0.8671777127671303,0.9792844329325864
-0.8713596621328605,0.6946492791271712,-1.7780786715561328,2.040602927651124
0.5245958176681734,0.93575127009753,-0.411727233372629,-0.7848316192960275
1.5733339446252954,0.7979787038287536,0.0437232460218721,0.0277900113139503
0.1702923963988754,0.384661005022424,-0.8671777127671303,-5.091987729497719
-0.7083800883489835,-0.6486332419933999,-0.8671777127671303,1.2241873662230485
-1.331954109782948,-0.0630998353510996,-0.8671777127671303,0.6510616371947052
0.1632063279734895,-0.6141901004262057,-0.411727233372629,-2.522586057931067
-1.0768556464690533,2.485692640621266,-0.411727233372629,0.3823456358138895
-0.3328184618035276,-0.7519626666949822,-0.8671777127671303,2.6056360107786736
0.3545301754589103,0.0402295893504827,-0.411727233372629,-1.1612992317152684
-1.1973188097006149,0.4191041465896181,0.9546242048108746,-0.7973082608901684
1.112739496975208,-0.2353155431870703,-0.8671777127671303,-0.7793108108557976
-0.5737447882666502,3.966747728010614,2.3209756429943784,-4.045380706312821
1.3890961655652605,0.0402295893504827,1.865525163599877,1.3429680249390803
-1.147716330722913,-0.1319861184854879,1.865525163599877,-1.6254377218820664
-1.480761546716053,-0.6141901004262057,-0.411727233372629,0.2780528808399626
-1.154802399148299,0.2813315803208416,0.4991737254163734,-0.4322627389862732
1.1836001812290675,1.3146258273366656,-0.411727233372629,-0.3478571238252523
-1.3602983834844915,0.660206137559977,0.0437232460218721,-0.0321426298663754
-0.5454005145651064,0.1091158724848709,0.0437232460218721,-0.0801686953736938
1.112739496975208,0.3157747218880357,-1.3226281921616316,-1.1886127073136743
0.9143295810644012,-0.958621516098147,0.9546242048108746,1.0440587114248925
-1.686257531052246,1.9001592339789657,-0.411727233372629,0.2441677308880651
-1.339040178208334,0.1435590140520651,-1.7780786715561328,1.327885435663041
0.942673854765945,-0.2008724016198761,-0.8671777127671303,-0.9199030071247356
-1.3886426571860355,-0.683076383560594,-0.8671777127671303,0.6244831621088357
-0.2194413669973523,2.0379318002477422,-1.7780786715561328,8.103119877011874
-0.8713596621328605,0.8324218453959477,0.0437232460218721,-0.0501787605160112
-1.0768556464690533,0.2813315803208416,-0.411727233372629,0.3823456358138895
-1.140630262297527,-0.8208489498293705,0.4991737254163734,-0.4376335770249236
-1.140630262297527,-1.0275077992325352,0.0437232460218721,-0.0383328680605772
1.1694280443782956,-0.7864058082621764,-1.3226281921616316,-1.1309946674984188
-1.317781972932176,-1.0275077992325352,-1.3226281921616316,1.0036851741645787
-0.1202364090419488,-0.407531251023041,0.4991737254163734,-4.151947391543599
-0.963478551662878,-0.683076383560594,-0.8671777127671303,0.9000581402168689
-1.0768556464690533,-0.3730881094558468,-0.8671777127671303,0.8052943479973957
-0.2194413669973523,-0.8552920913965647,0.4991737254163734,-2.274851276948006
-0.084806066915019,-0.958621516098147,-0.411727233372629,4.8554991799944425
1.0418788127213483,-0.958621516098147,-0.411727233372629,-0.3951738691744115
1.1623419759529097,-0.5108606757246233,-0.411727233372629,-0.3542190677957856
0.9568459916167168,-0.0630998353510996,-0.411727233372629,-0.4302917439822571
-0.098978203765791,-0.5453038172918175,-0.411727233372629,4.160197090643219
-0.2477856406988961,-0.3386449678886527,1.410074684205376,-5.69093345991561
-0.5028841040127907,-0.924178374530953,-0.411727233372629,0.8187481321610401
-0.3895070092066153,-0.8208489498293705,0.0437232460218721,-0.1122556656107169
-0.623347267244352,3.3123280382339253,0.9546242048108746,-1.5314730162550283
1.1765141128036816,0.3157747218880357,0.4991737254163734,0.4242783636850688
0.0143988910403843,2.3479200743524897,-0.411727233372629,-28.574526118537893
-0.2123552985719663,-0.8552920913965647,1.410074684205376,-6.640479886713786
-1.339040178208334,2.864567197860401,0.0437232460218721,-0.0326529205490912
0.1419481226973316,-0.2697586847542644,0.0437232460218721,0.3080010160115622
-1.4028147940368074,1.3835121104710535,0.0437232460218721,-0.031168446392353
-0.1698388880196505,-0.5797469588590116,-0.8671777127671303,5.106184954039096
1.3111494128860148,-0.5453038172918175,0.4991737254163734,0.3807116972280538
0.5600261597951032,-0.0975429769182938,0.4991737254163734,0.8913240987849836
1.4103543708414183,0.6946492791271712,-0.8671777127671303,-0.6148607627189101
1.3678379602891024,-0.1319861184854879,2.77642612238888,2.0297768487384125
-1.5303640256937547,-0.6141901004262057,-1.3226281921616316,0.8642628894722875
-1.5232779572683688,0.5224335712912005,1.410074684205376,-0.925690504731696
-1.622482915223772,0.5913198544255888,0.4991737254163734,-0.3076622855966302
0.6450589808997347,-0.9930646576653412,0.4991737254163734,0.7738299936855307
1.0064484705944186,-0.2697586847542644,0.0437232460218721,0.0434426727970693
-0.091892135340405,-0.7175195251277882,-0.8671777127671303,9.4379359987054
-0.5595726514158783,-0.2353155431870703,4.598228039966885,-8.217539230561313
-0.6446054725205098,-0.2008724016198761,-0.8671777127671303,1.3453053112152262
0.064001370018086,-0.3730881094558468,-0.8671777127671303,-13.547245005412538
0.6167147071981909,-0.683076383560594,-1.7780786715561328,-2.883099462050138
1.1765141128036816,-0.7864058082621764,0.4991737254163734,0.4242783636850688
0.0923456437196298,-0.0975429769182938,-0.411727233372629,-4.458062515622072
1.5733339446252954,0.4535472881568123,1.410074684205376,0.8962278648748965
1.0347927442959624,0.1091158724848709,-0.8671777127671303,-0.8380125753890638
0.0569153015927001,0.2124452971864533,-0.411727233372629,-7.2327633205798865
1.474128986669892,-0.1319861184854879,0.4991737254163734,0.3386205303097073
-0.3540766670796855,-0.9930646576653412,-1.3226281921616316,3.735534336147954
0.4749933386904716,-0.9930646576653412,0.0437232460218721,0.0920482920023509
0.6308868440489628,-0.6141901004262057,0.0437232460218721,0.0693033202405413
-0.97765068851365,-0.7519626666949822,0.9546242048108746,-0.9764571135661628
-0.261957777549668,-0.3730881094558468,0.4991737254163734,-1.9056230600075423
1.296977276035243,-0.5797469588590116,-0.8671777127671303,-0.6686092676390809
0.8718131705120854,-0.2697586847542644,0.4991737254163734,0.5725630406486814
1.4316125761175762,0.4191041465896181,-0.8671777127671303,-0.6057306773680766
-0.8359293200059307,-0.4764175341574292,1.410074684205376,-1.6868549995894002
-1.650827188925316,0.4191041465896181,-0.8671777127671303,0.5253020858909665
0.3687023123096823,0.901308128530336,0.4991737254163734,1.3538298254524146
1.5804200130506814,0.5913198544255888,-0.8671777127671303,-0.5486973201003881
1.0631370179975064,-0.1319861184854879,0.4991737254163734,0.4695246442553105
-0.3753348723558434,-0.8897352329637588,-1.7780786715561328,4.737438956271319
-1.3532123150591058,3.622316312338672,-0.411727233372629,0.3042614018544932
-0.5524865829904924,-0.8897352329637588,-2.233529150950634,4.042758045709009
-1.0626835096182814,3.1401123303979546,2.3209756429943784,-2.184090995011334
1.5875060814760673,-1.0275077992325352,0.0437232460218721,0.0275419232170665
-0.5099701724381767,-1.0275077992325352,1.410074684205376,-2.765068255161282
1.3749240287144884,-0.0630998353510996,0.9546242048108746,0.6943054611161324
0.1206899174211737,1.0390806947991125,-0.8671777127671303,-7.184575858003082
-0.4249373513335451,0.660206137559977,-0.8671777127671303,2.0407669923945244
0.0498292331673141,-0.958621516098147,-0.411727233372629,-8.261106907291872
-0.0352035879373173,0.0402295893504827,0.0437232460218721,-1.2423639811816516
-0.8217571831551588,0.4535472881568123,-0.411727233372629,0.5010388131685125
-0.956392483237492,-0.6486332419933999,-0.8671777127671303,0.906726888003646
1.7008831762822425,-0.7519626666949822,0.9546242048108746,0.5612487710118641
-0.2406995722735102,-0.1319861184854879,-0.8671777127671303,3.602888586223019
-0.5241423092889486,2.761237773158819,0.9546242048108746,-1.8213420311866335
-0.5595726514158783,-0.0975429769182938,-1.3226281921616316,2.363682044923737
0.411218722861998,-0.8208489498293705,-1.3226281921616316,-3.216283587772357
-0.7579825673266852,-0.166429260052682,0.9546242048108746,-1.2594442674591315
0.8647271020866995,-0.8552920913965647,0.9546242048108746,1.103947318216448
-1.339040178208334,2.761237773158819,0.9546242048108746,-0.7129220986551573
-0.4532816250350889,-0.924178374530953,0.9546242048108746,-2.1060753686864357
-1.5799665046714564,-0.4419743925902351,0.0437232460218721,-0.0276737023409161
0.7159196651535943,-0.3730881094558468,-0.411727233372629,-0.5750945287122553
1.211944454930611,1.452398393605442,0.9546242048108746,0.7876733328774556
-1.4028147940368074,0.3502178634552298,-1.3226281921616316,0.9428455033686804
0.942673854765945,1.3490689689038595,1.410074684205376,1.495808671249045
0.772608212556682,-0.9930646576653412,2.3209756429943784,3.004039518191016
1.5945921499014533,-0.3730881094558468,-0.8671777127671303,-0.5438207347335647
0.1561202595481035,-0.5797469588590116,0.9546242048108746,6.114280521750853
-1.0839417148944392,1.5557278183070244,0.9546242048108746,-0.8807051142551379
-1.7075157363284037,-0.5453038172918175,0.9546242048108746,-0.5590752549174876
0.6663171861758925,-0.1319861184854879,0.4991737254163734,0.7491420667993051
0.5245958176681734,0.4191041465896181,-0.411727233372629,-0.7848316192960275
-1.6437411204999302,-0.4419743925902351,-0.8671777127671303,0.5275666451477684
-0.3469905986542995,-0.0975429769182938,0.4991737254163734,-1.4386214311472367
-0.3044741881019838,2.3479200743524897,-1.3226281921616316,4.344117449105712
-1.7642042837314913,-0.8897352329637588,0.9546242048108746,-0.541110587203426
-1.452417273014509,2.175704366516519,0.0437232460218721,-0.0301039844912945
-0.7296382936251413,-0.5108606757246233,0.9546242048108746,-1.308370595207933
-0.5737447882666502,-0.6486332419933999,0.0437232460218721,-0.0762081137766937
0.6946614598774364,-0.0975429769182938,0.9546242048108746,1.3742096227464171
0.0073128226149983,0.8668649869631418,-0.8671777127671303,-118.42123705017828
-1.4382451361637372,1.2801826857694714,-1.3226281921616316,0.9196188849130272
-0.7154661567743694,-0.7175195251277882,0.0437232460218721,-0.0611124044539615
0.5104236808174015,2.382363215919684,-0.411727233372629,-0.8066223857197172
0.9568459916167168,-0.8552920913965647,-0.411727233372629,-0.4302917439822571
1.452870781393734,0.2813315803208416,1.865525163599877,1.28401806086959
0.9639320600421027,1.452398393605442,-1.7780786715561328,-1.8445908164630456
-1.282351630805246,0.0402295893504827,0.0437232460218721,-0.0340964100139337
0.2269809438019631,0.4879904297240064,-1.3226281921616316,-5.826788373176467
0.1348620542719456,1.6246141014414126,0.4991737254163734,3.7010908457720815
