total_playtime_hours,last_login_days_ago,in_app_purchases,churn_status,tenure_bucket,engagement_score
-1.0485113727675095,0.384661005022424,-0.8671777127671303,0,,0.8270639746309754
1.3111494128860148,-0.5453038172918175,0.4991737254163734,0,Low,0.38071169722805387
0.6946614598774364,0.7979787038287536,1.410074684205376,0,Low,2.0298439847437533
0.14194812269733162,-0.16642926005268205,0.04372324602187216,0,Low,0.30800101601156227
-1.0201670990659657,-0.9930646576653411,-0.41172723337262906,1,,0.4035919896549246
-1.2681794939544742,-0.9930646576653411,0.4991737254163734,0,,-0.3936175154788049
-0.43910948818431705,-0.8897352329637588,2.3209756429943784,0,,-5.285762578753274
-1.629568983649158,-1.0275077992325352,-0.41172723337262906,0,,0.2526617554220875
-1.0485113727675095,-0.958621516098147,-0.41172723337262906,0,,0.39268163501386644
-0.9138760726851762,0.17800215561925925,-0.8671777127671303,1,,0.9489111574293776
1.5308175340729795,-0.26975868475426446,0.04372324602187216,1,Low,0.02856183668550851
-0.2548717091242821,0.384661005022424,-1.3226281921616316,0,,5.189591628755258
0.5671122282204891,1.4868415351726363,1.410074684205376,1,Low,2.4863682184172102
1.474128986669892,-0.13198611848548794,0.4991737254163734,0,Low,0.33862053030970735
-1.154802399148299,0.2813315803208416,0.4991737254163734,0,,-0.43226273898627326
0.8647271020866995,0.41910414658961814,-0.41172723337262906,1,Low,-0.47612995022312443
-1.0697695780436673,-0.5453038172918175,0.4991737254163734,1,,-0.46662234735887287
0.772608212556682,-0.7519626666949822,-0.8671777127671303,0,Low,-1.1223883914120276
-0.7012940199235975,-0.8208489498293705,-0.41172723337262906,1,,0.5871048272531367
-0.8501014568567027,-0.7519626666949822,-0.41172723337262906,1,,0.48433286801285036
-0.7154661567743694,-0.7175195251277882,0.04372324602187216,1,,-0.0611124044539615
0.41121872286199807,-0.8208489498293705,-1.3226281921616316,1,Low,-3.2162835877723572
0.04982923316731414,1.1424101195006948,-0.8671777127671303,1,Low,-17.39949950385368
0.6592311177505066,0.41910414658961814,0.9546242048108746,0,Low,1.448065327096538
1.7079692447076285,-0.9930646576653411,1.410074684205376,1,Low,0.8255806904999904
1.1552559075275237,-0.7175195251277882,0.04372324602187216,0,Low,0.0378469110331904
0.30492769648120865,-1.0275077992325352,-1.7780786715561328,1,Low,-5.830957248231539
0.9568459916167169,-0.3386449678886527,0.9546242048108746,0,Low,0.9976675833924901
-0.41785128290815915,-0.37308810945584686,0.9546242048108746,0,,-2.2846574617202187
1.3678379602891024,0.7979787038287536,-0.8671777127671303,0,Low,-0.6339722965875881
0.18446453324964737,-0.6486332419933999,0.9546242048108746,0,Low,5.174829218941523
-0.6375194040951239,0.6946492791271712,-1.3226281921616316,0,,2.0746802849739296
1.4812150550952778,2.5201357821884605,-0.41172723337262906,1,Low,-0.2779639947058182
0.4466490649889278,-0.958621516098147,0.04372324602187216,1,Low,0.09788953017880876
-1.622482915223772,0.5913198544255888,0.4991737254163734,0,,-0.3076622855966302
0.014398891040384344,-0.13198611848548794,-0.8671777127671303,1,Low,-60.183515187716985
-0.10606427219117696,-0.37308810945584686,1.410074684205376,1,,-13.295783895094091
0.6663171861758925,-0.4764175341574292,-0.41172723337262906,0,Low,-0.6179055003527113
-1.4311590677383512,0.5568767128583947,0.9546242048108746,0,,-0.6670333834053149
1.5875060814760673,0.005786447783288589,-1.3226281921616316,1,Low,-0.8331431773162614
-1.3602983834844917,0.660206137559977,0.04372324602187216,0,,-0.032142629866375415
-0.5737447882666502,1.3835121104710537,0.9546242048108746,1,,-1.6638771507911445
1.5945921499014533,-0.06309983535109967,0.04372324602187216,1,Low,0.027419532843709172
-0.446195556609703,3.036782905696372,-0.8671777127671303,1,,1.9435360466535374
1.5095593287968216,-0.06309983535109967,0.9546242048108746,0,Low,0.6323818234779205
0.14194812269733162,0.005786447783288589,-0.41172723337262906,0,Low,-2.9003429007755415
-0.43202341975893105,-0.20087240161987618,-0.41172723337262906,0,,0.9530426939107078
1.3820100971398743,-0.958621516098147,-0.8671777127671303,0,Low,-0.6274711305297054
-0.5383144461397205,0.2813315803208416,1.410074684205376,0,,-2.619474340807101
1.3820100971398743,-0.23531554318707032,0.04372324602187216,0,Low,0.03163719985864064
-1.4169869308875793,-0.4419743925902351,-0.8671777127671303,0,,0.6119914120436241
0.8009524862582258,1.452398393605442,0.04372324602187216,1,Low,0.05458838181814177
-1.3886426571860355,-0.683076383560594,-0.8671777127671303,0,,0.6244831621088357
-0.049375724788089284,-0.26975868475426446,-0.41172723337262906,0,,8.340346164065004
0.4891654755412436,0.17800215561925925,-1.3226281921616316,0,Low,-2.7037908854654296
-0.8501014568567027,0.5913198544255888,-0.41172723337262906,0,,0.48433286801285036
1.6583667657299268,-0.407531251023041,-0.8671777127671303,0,Low,-0.5229075386771027
0.3970465860112261,0.8668649869631418,0.9546242048108746,0,Low,2.404252286559186
-0.8217571831551588,0.4535472881568123,-0.41172723337262906,0,,0.5010388131685125
-1.629568983649158,-0.958621516098147,0.04372324602187216,0,,-0.02683133685898277
0.5529400913697172,-0.9930646576653411,-0.41172723337262906,0,Low,-0.7446010766590818
-0.5950029935428082,-0.02865669378390554,0.04372324602187216,1,,-0.07348531242616453
0.1632063279734895,-0.6141901004262057,-0.41172723337262906,1,Low,-2.522586057931067
0.9710181284674888,-0.7864058082621764,0.4991737254163734,1,Low,0.5140672147203266
-1.147716330722913,-0.13198611848548794,1.865525163599877,1,,-1.6254377218820664
0.46082120183969977,-0.6141901004262057,-0.8671777127671303,1,Low,-1.8817686591212595
-1.67917146262686,-0.23531554318707032,1.410074684205376,1,,-0.8397493127310534
-0.06354786163886121,-0.407531251023041,0.04372324602187216,0,,-0.6881447517133629
0.09943171214501585,-0.13198611848548794,-1.7780786715561328,0,Low,-17.8806120007584
0.6734032546012785,-0.5108606757246233,-0.8671777127671303,0,Low,-1.2877348446023356
-1.4028147940368074,0.17800215561925925,0.04372324602187216,0,,-0.031168446392353097
0.9568459916167169,-0.8552920913965647,-0.41172723337262906,0,Low,-0.4302917439822571
0.6308868440489628,0.17800215561925925,0.4991737254163734,0,Low,0.7912129060795134
-1.126458125446755,-0.5108606757246233,0.04372324602187216,1,,-0.0388151438438688
0.8222106915343836,1.1079669779335009,0.04372324602187216,1,Low,0.05317701983427127
1.3678379602891024,-0.3042018263214586,-0.41172723337262906,0,Low,-0.30100365342183805
1.445784712968348,2.692351490024431,1.865525163599877,0,Low,1.2903112363509643
1.2544608654829272,-0.0975429769182938,0.4991737254163734,1,Low,0.39791575807080143
0.09234564371962989,-0.7864058082621764,0.9546242048108746,0,Low,10.336392735336135
1.275719070759085,0.7290924206943653,-0.8671777127671303,1,Low,-0.6797506873862659
-1.5303640256937547,-0.6141901004262057,-1.3226281921616316,0,,0.8642628894722875
-0.31864632495275574,-0.6141901004262057,-0.8671777127671303,0,,2.7215281022830866
-1.2044048781260006,-1.0275077992325352,-1.3226281921616316,0,,1.0981682305222007
1.1977723180798394,-0.23531554318707032,0.9546242048108746,1,Low,0.796993068274066
-1.4240729993129653,-0.26975868475426446,-1.3226281921616316,0,,0.9287708428628014
0.772608212556682,-0.5797469588590116,0.04372324602187216,0,Low,0.05659101133169893
0.9710181284674888,1.2801826857694714,0.04372324602187216,0,Low,0.04502778523097754
-1.7642042837314913,-0.8897352329637588,0.9546242048108746,0,,-0.541110587203426
0.9851902653182607,-0.6141901004262057,0.04372324602187216,1,Low,0.044380059122038226
-1.3957287256114215,-0.6486332419933999,0.4991737254163734,1,,-0.3576463625919332
-1.0272531674913516,-0.958621516098147,0.9546242048108746,0,,-0.9293069401884454
0.06400137001808606,-0.37308810945584686,-0.8671777127671303,0,Low,-13.547245005412538
0.418304791287384,0.14355901405206511,0.4991737254163734,0,Low,1.1932968563701563
1.6016782183268392,-0.3042018263214586,1.410074684205376,0,Low,0.8803677695015905
-0.4249373513335451,-0.8552920913965647,-0.8671777127671303,1,,2.0407669923945244
1.0702230864228923,-0.5453038172918175,0.4991737254163734,0,Low,0.466415897386235
-0.2336135038481242,-1.0275077992325352,0.04372324602187216,0,,-0.18716862248050245
-1.466589409865281,1.0390806947991125,-0.8671777127671303,0,,0.5912927093711132
-0.6304333356697379,-0.958621516098147,-0.41172723337262906,1,,0.6530964354852531
-0.34699059865429954,-0.0975429769182938,0.4991737254163734,1,,-1.4386214311472367
1.3820100971398743,3.3812143213683137,0.4991737254163734,1,Low,0.3611913650528137
1.6512806973045409,-0.23531554318707032,0.9546242048108746,0,Low,0.5781079045434827
0.13486205427194564,1.6246141014414126,0.4991737254163734,0,Low,3.7010908457720815
0.7088335967282083,-0.7519626666949822,0.04372324602187216,1,Low,0.061682501222673734
0.37578838073506826,0.41910414658961814,-1.3226281921616316,0,Low,-3.5195154102967328
0.14194812269733162,-0.26975868475426446,0.04372324602187216,0,Low,0.30800101601156227
1.452870781393734,0.2813315803208416,1.865525163599877,0,Low,1.28401806086959
1.4953871919460497,-0.9930646576653411,-0.8671777127671303,1,Low,-0.5798979143719135
-0.2548717091242821,-0.8897352329637588,1.865525163599877,0,,-7.319754583809068
0.007312822614998386,-0.8897352329637588,-1.3226281921616316,0,Low,-180.6172649126669
-0.43202341975893105,0.14355901405206511,-1.7780786715561328,0,,4.11579499671173
0.31909983333198055,0.8668649869631418,-0.41172723337262906,0,Low,-1.2902367472465053
-0.26904384597505404,0.384661005022424,-0.8671777127671303,0,,3.2233034086259122
-0.3044741881019838,-1.0275077992325352,-0.41172723337262906,1,,1.352301024101778
-0.098978203765791,1.0390806947991125,0.04372324602187216,1,,-0.44179084148423614
0.6167147071981909,-0.5797469588590116,-1.7780786715561328,0,Low,-2.883099462050138
0.8222106915343836,-0.5108606757246233,-0.8671777127671303,1,Low,-1.0546775600463791
-1.4028147940368074,-0.924178374530953,0.04372324602187216,1,,-0.031168446392353097
0.20572273852580525,0.35021786345522987,-0.8671777127671303,0,Low,-4.2150691182208675
1.12691163382598,-0.8208489498293705,3.2318766017833807,0,Low,2.867880520503389
-0.2406995722735102,-0.20087240161987618,-1.3226281921616316,1,,5.495162003356959
0.007312822614998386,0.8668649869631418,-0.8671777127671303,0,Low,-118.42123705017829
-0.446195556609703,-0.958621516098147,-0.41172723337262906,0,,0.9227713162682761
0.9143295810644011,-0.26975868475426446,1.865525163599877,1,Low,2.0402979398837595
1.7150553131330144,-0.7864058082621764,0.04372324602187216,0,Low,0.025493633208638705
-1.487847615141439,-0.6141901004262057,-0.8671777127671303,0,,0.5828443265192575
-0.6658636777966677,-0.37308810945584686,-0.8671777127671303,0,,1.3023547690487354
-1.672085394201474,-0.5797469588590116,-0.41172723337262906,0,,0.2462372419332538
0.35453017545891036,0.040229589350482715,-0.41172723337262906,1,Low,-1.1612992317152684
-1.317781972932176,-0.37308810945584686,0.9546242048108746,0,,-0.7244229080747098
0.6663171861758925,-0.13198611848548794,0.4991737254163734,0,Low,0.7491420667993051
0.5387679545189453,0.35021786345522987,-0.8671777127671303,0,Low,-1.609527089023902
-1.7146018047537896,-0.20087240161987618,0.4991737254163734,0,,-0.29113269061031893
0.6592311177505066,-0.13198611848548794,0.4991737254163734,0,Low,0.7571944649321593
-0.8642735937074746,-0.20087240161987618,-0.41172723337262906,0,,0.4763908098991214
1.7079692447076285,-0.5453038172918175,0.9546242048108746,1,Low,0.5589202607519315
-0.8146711147297728,-0.6141901004262057,-0.41172723337262906,0,,0.505396938589859
1.5662478761999095,1.3146258273366656,0.9546242048108746,0,Low,0.6094936340412893
-1.331954109782948,-0.06309983535109967,-0.8671777127671303,0,,0.6510616371947052
-0.793412909453615,-0.7519626666949822,-0.41172723337262906,0,,0.518938396200449
1.7575717236853303,-0.3386449678886527,0.9546242048108746,0,Low,0.5431464107451007
-1.2044048781260006,-0.6141901004262057,1.410074684205376,0,,-1.1707743945236686
0.9993624021690326,1.7623866677101891,-1.3226281921616316,1,Low,-1.3234587920288838
-0.623347267244352,-1.0275077992325352,1.865525163599877,0,,-2.9928022302388344
1.1906862496544535,-0.7864058082621764,0.4991737254163734,0,Low,0.4192284350952111
0.26949735435427885,-0.5797469588590116,-0.41172723337262906,0,Low,-1.5277031469478792
0.9072435126390151,-0.3386449678886527,0.9546242048108746,1,Low,1.0522132915573597
0.07108743844347201,0.9357512700975301,-1.3226281921616316,0,Low,-18.60303579309997
1.6937971078568566,-0.958621516098147,-1.3226281921616316,0,Low,-0.7808611653750402
-0.14149461431810675,0.660206137559977,-0.8671777127671303,0,,6.129130838335626
-1.487847615141439,-0.9930646576653411,0.04372324602187216,0,,-0.02938710890013066
-1.5799665046714564,0.8668649869631418,0.9546242048108746,0,,-0.6042091677766684
-0.8217571831551588,-0.9930646576653411,-0.41172723337262906,1,,0.5010388131685125
-0.35407666707968555,-1.0275077992325352,-0.41172723337262906,0,,1.16285228645928
0.5458540229443313,0.17800215561925925,0.04372324602187216,0,Low,0.08009915323972758
0.12068991742117373,5.034485116593632,0.04372324602187216,0,Low,0.36224752225225654
1.1836001812290675,1.3146258273366656,-0.41172723337262906,0,Low,-0.3478571238252523
-1.5445361625445266,-0.16642926005268205,0.04372324602187216,0,,-0.028308517577870215
-1.4382451361637372,1.5212846767398303,0.4991737254163734,0,,-0.3470737940305364
1.105653428549822,-1.0275077992325352,0.04372324602187216,0,Low,0.039544806215775045
-1.3390401782083339,2.761237773158819,0.9546242048108746,0,,-0.7129220986551573
-0.24778564069889614,-0.3386449678886527,1.410074684205376,0,,-5.69093345991561
0.2978416280558227,0.2813315803208416,-0.41172723337262906,0,Low,-1.38232325960449
-1.0768556464690533,0.7290924206943653,0.04372324602187216,1,,-0.04060307636961663
-0.5595726514158783,0.2813315803208416,0.4991737254163734,0,,-0.8920783475332011
0.772608212556682,-0.26975868475426446,1.865525163599877,0,Low,2.414549816819152
-0.26195777754966804,-0.37308810945584686,0.4991737254163734,1,,-1.9056230600075423
1.5875060814760673,0.8324218453959477,-2.233529150950634,0,Low,-1.4069332443384799
-1.5303640256937547,-0.8208489498293705,-0.41172723337262906,1,,0.26904051380266797
1.4032683024160324,2.5201357821884605,-1.3226281921616316,1,Low,-0.9425273588884364
-0.16983888801965058,0.2468884387536475,0.4991737254163734,1,,-2.9392745323670435
-1.0626835096182814,-0.8208489498293705,1.865525163599877,1,,-1.7555017102759858
1.275719070759085,0.31577472188803574,-2.233529150950634,0,Low,-1.7507864343184074
1.4953871919460497,-0.26975868475426446,-0.8671777127671303,0,Low,-0.5798979143719135
-0.8501014568567027,0.21244529718645336,-2.233529150950634,0,,2.62739865568033
0.04274316474192818,0.4535472881568123,1.410074684205376,0,Low,32.9817615308022
-1.7429460784553334,-0.958621516098147,-1.3226281921616316,0,,0.7588506592472415
-0.2336135038481242,-0.3042018263214586,-0.41172723337262906,1,,1.762504528358063
0.028571027891156262,1.7279435261429952,-0.41172723337262906,0,Low,-14.405613224989313
1.0418788127213483,-0.6486332419933999,0.04372324602187216,1,Low,0.04196536663799064
0.765522144131296,-0.0975429769182938,-0.41172723337262906,1,Low,-0.5378314111680383
0.22698094380196313,-0.5797469588590116,-0.8671777127671303,1,Low,-3.8203185477024766
1.0064484705944186,-0.407531251023041,-1.3226281921616316,1,Low,-1.3141408521113462
-0.3115602565273698,-0.23531554318707032,1.410074684205376,1,,-4.525994296786915
-1.672085394201474,-0.23531554318707032,-0.41172723337262906,1,,0.2462372419332538
0.6734032546012785,-0.8208489498293705,0.04372324602187216,0,Low,0.06492780729087412
-1.480761546716053,0.14355901405206511,0.04372324602187216,0,,-0.02952773955822615
0.9143295810644011,-0.958621516098147,0.9546242048108746,1,Low,1.0440587114248925
1.4883011235206638,-0.8897352329637588,0.04372324602187216,1,Low,0.029377759348087746
-0.5099701724381767,-1.0275077992325352,1.410074684205376,0,,-2.765068255161282
-1.331954109782948,-0.924178374530953,0.04372324602187216,0,,-0.03282663716948097
0.7159196651535943,-0.37308810945584686,-0.41172723337262906,0,Low,-0.5750945287122553
-0.14149461431810675,-0.0975429769182938,0.4991737254163734,0,,-3.5281131296301718
-0.07063393006424716,0.5913198544255888,0.04372324602187216,1,,-0.6190995882287599
-1.4099008624621934,-0.924178374530953,-1.7780786715561328,1,,1.2611463191207202
-1.0981138517452111,0.9357512700975301,0.9546242048108746,0,,-0.8693387272011613
0.9710181284674888,0.384661005022424,-0.41172723337262906,0,Low,-0.42401164425837146
-0.20526923014658038,-0.5108606757246233,-0.41172723337262906,0,,2.0058890071769495
1.6583667657299268,1.7623866677101891,-0.41172723337262906,0,Low,-0.24827122634669163
1.105653428549822,3.828975161741837,0.4991737254163734,0,Low,0.45146987096343144
-0.14149461431810675,-0.8208489498293705,0.4991737254163734,0,,-3.5281131296301718
-0.098978203765791,-0.5453038172918175,-0.41172723337262906,0,,4.160197090643219
-0.7650686357520712,1.6590572430086068,0.04372324602187216,0,,-0.05715018951310986
-0.5666587198412643,0.2813315803208416,-0.41172723337262906,0,,0.7266004827258173
-1.5728804362460704,-0.9930646576653411,-0.41172723337262906,0,,0.26176805405236553
-1.5232779572683688,0.5224335712912005,1.410074684205376,0,,-0.9256905047316961
-1.6862575310522459,0.7635355622615595,-0.41172723337262906,0,,0.24416773088806518
-0.6446054725205098,0.384661005022424,0.9546242048108746,0,,-1.4809663510016358
0.5387679545189453,0.625762995992783,0.9546242048108746,1,Low,1.7718323416985815
-0.45328162503508895,0.7635355622615595,1.865525163599877,1,,-4.11568927010479
-0.05646179321347525,-0.8208489498293705,0.4991737254163734,1,,-8.842477749621226
-1.1689745359990709,-0.7519626666949822,0.04372324602187216,1,,-0.03740339820018878
0.23406701222734907,0.005786447783288589,2.3209756429943784,0,Low,9.91543603923017
-1.31069590450679,1.417955252038248,1.410074684205376,0,,-1.0758295937698252
-0.5737447882666502,-0.6486332419933999,0.04372324602187216,0,,-0.0762081137766937
-1.459503341439895,-0.13198611848548794,0.4991737254163734,1,,-0.34201850138206363
-1.3390401782083339,0.14355901405206511,-1.7780786715561328,1,,1.327885435663041
1.3465797550129446,-0.407531251023041,2.3209756429943784,0,Low,1.7235952036276017
-0.8288432515805447,0.2468884387536475,2.3209756429943784,0,,-2.800292626494401
0.23406701222734907,1.3146258273366656,-0.8671777127671303,0,Low,-3.7046684102618217
-1.5799665046714564,-0.02865669378390554,0.4991737254163734,1,,-0.3159414350587923
-1.0130810306405797,-0.23531554318707032,1.410074684205376,0,,-1.3918813602968836
-1.466589409865281,-0.4419743925902351,-1.7780786715561328,0,,1.212398496525644
0.6308868440489628,-0.16642926005268205,0.9546242048108746,0,Low,1.5131224919184856
0.248239149078121,-0.5797469588590116,0.4991737254163734,0,Low,2.0107771860248733
1.3820100971398743,-0.5453038172918175,0.04372324602187216,1,Low,0.03163719985864064
0.5671122282204891,-0.26975868475426446,0.04372324602187216,0,Low,0.07709668894316937
-0.8713596621328605,-0.958621516098147,1.410074684205376,1,,-1.6182650266413627
0.6875753914520505,-0.7864058082621764,-1.3226281921616316,0,Low,-1.9235839047837981
1.5733339446252954,-0.23531554318707032,0.04372324602187216,1,Low,0.0277900113139503
-0.14149461431810675,-0.4764175341574292,0.04372324602187216,1,,-0.3090318069749058
-0.43202341975893105,-0.6141901004262057,-0.8671777127671303,0,,2.0072934615110487
-0.1840110248704225,0.31577472188803574,0.04372324602187216,0,,-0.23762501351643564
0.949759923191331,0.17800215561925925,-0.41172723337262906,0,Low,-0.4335020759440144
0.8930713757882432,-0.8552920913965647,-0.8671777127671303,0,Low,-0.9709951817120248
0.22698094380196313,1.1424101195006948,1.410074684205376,1,Low,6.2120305796674735
1.3820100971398743,-0.3386449678886527,-0.41172723337262906,0,Low,-0.2979169653355324
-0.9209621411105622,0.35021786345522987,-0.41172723337262906,1,,0.4470669158509512
-0.956392483237492,-0.16642926005268205,-1.3226281921616316,0,,1.3829489930475778
1.4883011235206638,5.241143965996796,0.04372324602187216,0,Low,0.029377759348087746
-0.12732247746733483,0.384661005022424,0.4991737254163734,0,,-3.9208546981928682
0.0569153015927001,0.21244529718645336,-0.41172723337262906,0,Low,-7.2327633205798865
0.765522144131296,0.5224335712912005,-0.41172723337262906,0,Low,-0.5378314111680383
-0.3753348723558434,-0.8897352329637588,-1.7780786715561328,1,,4.737438956271319
1.452870781393734,-0.8208489498293705,-0.8671777127671303,0,Low,-0.5968677704823484
1.1339977022513659,0.2468884387536475,0.04372324602187216,1,Low,0.03855639246106319
-0.8075850463043869,-0.3386449678886527,-0.41172723337262906,0,,0.5098315447669777
0.47499333869047167,0.41910414658961814,0.04372324602187216,0,Low,0.09204829200235098
-0.6091751303935801,-0.924178374530953,0.9546242048108746,1,,-1.5671025099452003
-0.1840110248704225,-0.23531554318707032,1.410074684205376,1,,-7.663406685905043
0.3970465860112261,-0.5453038172918175,-0.41172723337262906,0,Low,-1.03694850527171
-0.12023640904194888,-0.407531251023041,0.4991737254163734,1,,-4.151947391543599
-0.5595726514158783,-0.0975429769182938,-1.3226281921616316,0,,2.363682044923737
-0.7012940199235975,-0.3386449678886527,0.9546242048108746,0,,-1.3612519003568306
1.5024732603714357,-0.23531554318707032,-0.8671777127671303,0,Low,-0.5771629778775381
0.4537351334143138,-0.37308810945584686,1.865525163599877,1,Low,4.111394318573263
0.8718131705120854,-0.5108606757246233,-0.8671777127671303,0,Low,-0.9946715596670521
-0.6446054725205098,0.4879904297240064,0.04372324602187216,0,,-0.06783051989320475
-1.0981138517452111,-1.0275077992325352,-0.8671777127671303,0,,0.7897046453201388
1.5662478761999095,-0.0975429769182938,0.9546242048108746,0,Low,0.6094936340412893
-0.12732247746733483,-0.16642926005268205,-0.8671777127671303,0,,6.811411811459142
-0.5028841040127907,0.2468884387536475,0.4991737254163734,0,,-0.9926415407616153
-0.9776506885136499,-0.0975429769182938,0.4991737254163734,0,,-0.5105901700708562
0.47499333869047167,0.7635355622615595,-0.8671777127671303,0,Low,-1.825624458046626
1.7433995868345584,2.2445906496509074,-1.3226281921616316,0,Low,-0.7586445561327195
1.3536658234383305,-0.6141901004262057,-0.41172723337262906,0,Low,-0.30415497288475146
-1.4099008624621934,-0.7864058082621764,1.410074684205376,0,,-1.0001303801223747
0.12068991742117373,-0.4764175341574292,0.04372324602187216,0,Low,0.36224752225225654
0.3120137649065946,-0.683076383560594,2.3209756429943784,1,Low,7.438457912618196
0.9568459916167169,-0.06309983535109967,-0.41172723337262906,0,Low,-0.4302917439822571
0.9639320600421029,1.452398393605442,-1.7780786715561328,0,Low,-1.8445908164630458
-0.9776506885136499,-0.8897352329637588,-0.41172723337262906,0,,0.42114371691975716
-1.0626835096182814,-0.924178374530953,0.9546242048108746,1,,-0.8983231408052896
-0.9776506885136499,-0.7519626666949822,0.9546242048108746,1,,-0.9764571135661627
1.3394936865875586,0.2813315803208416,0.4991737254163734,0,Low,0.37265573093571636
-1.2044048781260006,-0.13198611848548794,0.9546242048108746,0,,-0.792617290349357
-0.45328162503508895,-0.924178374530953,0.9546242048108746,0,,-2.1060753686864353
-0.9776506885136499,1.5557278183070244,-1.3226281921616316,0,,1.3528776039103705
-1.7642042837314913,0.5568767128583947,-1.3226281921616316,0,,0.7497066532627619
-0.8571875252820886,-1.0275077992325352,1.865525163599877,0,,-2.1763579988707136
-0.2194413669973523,0.040229589350482715,-1.7780786715561328,1,,8.103119877011874
-1.3957287256114215,0.4879904297240064,0.04372324602187216,0,,-0.03132668869418396
0.6521450493251206,-0.5453038172918175,0.9546242048108746,0,Low,1.4637994535176302
1.6583667657299268,-0.958621516098147,-0.8671777127671303,0,Low,-0.5229075386771027
-0.19109709329580846,-0.958621516098147,1.410074684205376,0,,-7.3792251474700015
-0.1840110248704225,-0.924178374530953,0.4991737254163734,0,,-2.7128855709793047
0.949759923191331,0.8668649869631418,0.9546242048108746,0,Low,1.0051110079409893
1.0773091548482783,1.452398393605442,0.04372324602187216,0,Low,0.0405852303146228
-0.8855317989836324,-0.924178374530953,-0.8671777127671303,0,,0.9792844329325864
-0.8571875252820886,-0.7519626666949822,1.865525163599877,0,,-2.1763579988707136
-1.4028147940368074,-0.8552920913965647,0.04372324602187216,0,,-0.031168446392353097
-0.5595726514158783,-0.8208489498293705,1.410074684205376,0,,-2.5199585437616703
-0.2336135038481242,0.8324218453959477,3.2318766017833807,0,,-13.834880678350459
-0.6446054725205098,-0.6141901004262057,0.04372324602187216,0,,-0.06783051989320475
-0.3753348723558434,-0.6486332419933999,0.4991737254163734,0,,-1.329977739772891
1.1694280443782956,-0.7864058082621764,-1.3226281921616316,0,Low,-1.1309946674984188
-0.02811751951193141,-0.06309983535109967,-1.3226281921616316,0,,47.05602682585302
0.5175097492427875,-0.5453038172918175,1.410074684205376,0,Low,2.724678017154971
1.3324076181621727,0.35021786345522987,-0.8671777127671303,0,Low,-0.6508302659366242
-0.3399045302289136,-0.8208489498293705,0.04372324602187216,0,,-0.12863768649770635
-0.4745398303112468,0.5568767128583947,-0.8671777127671303,1,,1.8274461527494352
-0.9067900042597903,-0.0975429769182938,0.04372324602187216,0,,-0.0482181409123194
1.0631370179975064,-0.924178374530953,-0.8671777127671303,0,Low,-0.815670549874189
0.028571027891156262,-0.4764175341574292,-0.41172723337262906,0,Low,-14.405613224989313
0.30492769648120865,1.0046375532319183,0.04372324602187216,0,Low,0.14338419462864455
0.20572273852580525,1.5901709598742186,0.4991737254163734,1,Low,2.4263212991439453
0.5245958176681734,-0.407531251023041,0.4991737254163734,0,Low,0.9515215207394317
0.8576410336613135,-0.37308810945584686,1.410074684205376,1,Low,1.6441123823821038
-1.0839417148944392,1.5557278183070244,0.9546242048108746,0,,-0.8807051142551379
-0.3753348723558434,-0.13198611848548794,0.4991737254163734,0,,-1.329977739772891
1.5520757393491373,-0.9930646576653411,1.410074684205376,1,Low,0.9085030861740194
1.0206206074451905,1.4868415351726363,1.865525163599877,0,Low,1.8278162049927145
-0.07771999848963312,-0.7519626666949822,0.4991737254163734,0,,-6.423545684188444
-0.7579825673266852,-0.16642926005268205,0.9546242048108746,0,,-1.2594442674591317
-1.0910277833198252,-0.8552920913965647,1.410074684205376,0,,-1.2924396886682288
-0.35407666707968555,-0.9930646576653411,-1.3226281921616316,0,,3.735534336147954
-0.8997039358344043,-0.6486332419933999,-0.8671777127671303,0,,0.9638585725965603
-0.45328162503508895,0.5224335712912005,-1.3226281921616316,0,,2.9179593848594503
0.5316818860935594,-0.7175195251277882,-0.41172723337262906,1,Low,-0.7743718573508179
1.5095593287968216,-0.7864058082621764,0.9546242048108746,1,Low,0.6323818234779205
0.6946614598774364,-0.7864058082621764,0.9546242048108746,0,Low,1.3742096227464171
0.0569153015927001,-0.3042018263214586,1.865525163599877,0,Low,32.77145858528232
-0.7296382936251413,2.7956809147260135,0.4991737254163734,0,,-0.6841479829904077
0.007312822614998386,-0.407531251023041,-1.3226281921616316,0,Low,-180.6172649126669
1.3607518918637165,-0.20087240161987618,-0.41172723337262906,1,Low,-0.3025711080200242
1.1977723180798394,1.0046375532319183,1.865525163599877,0,Low,1.5574826372378696
1.0773091548482783,-0.26975868475426446,-0.8671777127671303,0,Low,-0.8049404012400181
0.6734032546012785,-0.8208489498293705,-0.8671777127671303,1,Low,-1.2877348446023356
1.4174404392668043,-0.683076383560594,1.865525163599877,1,Low,1.3161131507108252
-0.7367243620505273,-0.6486332419933999,-0.8671777127671303,0,,1.1770881055630285
-0.7296382936251413,-0.5108606757246233,0.9546242048108746,0,,-1.308370595207933
0.7159196651535943,-0.4764175341574292,0.9546242048108746,0,Low,1.333405013474433
-0.36824880393045745,0.625762995992783,-0.8671777127671303,1,,2.3549330041026812
0.40413265443661206,-0.6141901004262057,-0.41172723337262906,0,Low,-1.01876708348588
1.6867110394314706,-0.407531251023041,-1.7780786715561328,0,Low,-1.0541628579883342
1.1765141128036816,-0.02865669378390554,-0.8671777127671303,0,Low,-0.737067522314207
1.2261165917813834,-0.5453038172918175,0.04372324602187216,0,Low,0.03565965073667365
-0.8713596621328605,0.8324218453959477,0.04372324602187216,0,,-0.050178760516011285
-1.502019751992211,-0.13198611848548794,0.4991737254163734,1,,-0.3323372067020787
0.6167147071981909,-0.683076383560594,-1.7780786715561328,1,Low,-2.883099462050138
0.772608212556682,0.2468884387536475,0.4991737254163734,1,Low,0.6460807127035623
-0.8642735937074746,-0.26975868475426446,0.4991737254163734,0,,-0.5775711589042447
0.11360384899578777,-0.26975868475426446,-1.7780786715561328,1,Low,-15.650193064245672
1.5945921499014533,-0.37308810945584686,-0.8671777127671303,1,Low,-0.5438207347335647
1.3465797550129446,-0.3386449678886527,0.4991737254163734,0,Low,0.3706947298225768
1.5733339446252954,0.4535472881568123,1.410074684205376,0,Low,0.8962278648748965
1.296977276035243,-0.924178374530953,1.410074684205376,0,Low,1.0871923805727914
-0.7083800883489835,-0.6141901004262057,1.410074684205376,1,,-1.9905903812114278
1.1623419759529097,-0.958621516098147,1.410074684205376,0,Low,1.2131219401501685
1.6087642867522252,0.384661005022424,-1.3226281921616316,1,Low,-0.8221340949150412
0.3332719701827525,-0.7175195251277882,0.4991737254163734,0,Low,1.4977519640281034
-1.0768556464690533,1.3146258273366656,-0.41172723337262906,0,,0.38234563581388953
0.08525957529424394,-0.26975868475426446,1.410074684205376,0,Low,16.536668317387083
0.007312822614998386,0.625762995992783,2.7764261223888798,0,Low,379.1469858497306
-0.7579825673266852,2.93345348099479,-1.3226281921616316,0,,1.7449552255254384
0.6734032546012785,0.8324218453959477,0.04372324602187216,1,Low,0.06492780729087412
-0.9847367569390358,1.0390806947991125,2.3209756429943784,0,,-2.35697428412425
-1.3532123150591058,-0.5108606757246233,-0.41172723337262906,0,,0.3042614018544932
0.8363828283851555,-0.20087240161987618,1.410074684205376,0,Low,1.68590001773191
-1.7642042837314913,-0.7519626666949822,-0.41172723337262906,0,,0.23337975707628672
0.949759923191331,-0.8208489498293705,-0.8671777127671303,0,Low,-0.913039770572349
0.37578838073506826,-0.3042018263214586,0.4991737254163734,0,Low,1.3283019592579957
0.021484959465770302,-0.0975429769182938,0.9546242048108746,1,Low,44.41153779941145
-0.786326841028229,-0.6141901004262057,-0.41172723337262906,0,,0.5236149245312272
1.4316125761175762,-0.16642926005268205,0.9546242048108746,0,Low,0.6668127624808239
-1.5161918888429828,1.2112964026350832,-0.41172723337262906,0,,0.2715553037550285
-0.6446054725205098,-0.20087240161987618,-0.8671777127671303,0,,1.3453053112152262
-1.7146018047537896,0.2813315803208416,-0.41172723337262906,1,,0.24013134335011702
-0.12732247746733483,0.660206137559977,0.4991737254163734,0,,-3.9208546981928682
-1.0768556464690533,3.5878731707714784,0.4991737254163734,1,,-0.4635517885531228
-0.7367243620505273,-0.0975429769182938,1.410074684205376,0,,-1.914004608625597
0.37578838073506826,0.660206137559977,0.9546242048108746,0,Low,2.5402563016466777
-0.3044741881019838,2.3479200743524897,-1.3226281921616316,1,,4.344117449105712
-0.8501014568567027,1.9346023755461599,0.4991737254163734,0,,-0.5872000258208895
1.0843952232736642,-0.8897352329637588,-0.41172723337262906,0,Low,-0.37968023810295143
-0.7012940199235975,-0.5108606757246233,-1.3226281921616316,0,,1.8860093123264485
-1.3957287256114215,-0.6486332419933999,1.865525163599877,1,,-1.336605384285181
-0.9280482095359482,-0.958621516098147,0.04372324602187216,0,,-0.04711362697419034
-0.6375194040951239,0.005786447783288589,-0.8671777127671303,0,,1.360258699239105
1.112739496975208,0.31577472188803574,-1.3226281921616316,0,Low,-1.1886127073136745
-0.956392483237492,0.9013081285303359,0.4991737254163734,0,,-0.5219394271281492
-1.2469212886783163,-0.924178374530953,-0.8671777127671303,1,,0.6954606319157711
-0.9776506885136499,1.1079669779335009,0.4991737254163734,0,,-0.5105901700708562
1.452870781393734,0.005786447783288589,0.04372324602187216,0,Low,0.03009417330163104
1.1977723180798394,0.21244529718645336,-1.3226281921616316,1,Low,-1.1042308541354426
1.2119444549306113,1.452398393605442,0.9546242048108746,0,Low,0.7876733328774556
-1.0414253043421235,-0.02865669378390554,0.4991737254163734,0,,-0.4793224406584925
0.6308868440489628,-0.6141901004262057,0.04372324602187216,0,Low,0.06930332024054138
0.021484959465770302,0.7635355622615595,1.410074684205376,0,Low,65.6002485815734
-0.16983888801965058,-0.5797469588590116,-0.8671777127671303,0,,5.1061849540390964
-0.9847367569390358,-0.9930646576653411,0.04372324602187216,0,,-0.04440139938695608
1.5733339446252954,0.7979787038287536,0.04372324602187216,0,Low,0.0277900113139503
-1.0768556464690533,-0.6141901004262057,-0.41172723337262906,0,,0.38234563581388953
-0.6942079514982116,0.4879904297240064,-0.8671777127671303,0,,1.2491793023813962
0.6946614598774364,-0.5797469588590116,-0.8671777127671303,0,Low,-1.2483278252429284
1.0702230864228923,1.0046375532319183,0.04372324602187216,0,Low,0.040853947216312594
0.942673854765945,-0.7864058082621764,0.04372324602187216,1,Low,0.04638166422477663
0.8151246231089977,2.761237773158819,0.4991737254163734,0,Low,0.6123819443621219
0.6167147071981909,0.5224335712912005,0.4991737254163734,0,Low,0.8093947260263707
-0.40367914605738725,-0.924178374530953,0.4991737254163734,0,,-1.236591228960087
0.418304791287384,-0.16642926005268205,0.4991737254163734,1,Low,1.1932968563701563
-0.623347267244352,3.3123280382339253,0.9546242048108746,1,,-1.5314730162550285
-0.3044741881019838,-0.37308810945584686,-1.3226281921616316,0,,4.344117449105712
1.3749240287144884,-0.8208489498293705,0.04372324602187216,0,Low,0.03180025012745648
-0.5808308566920362,-0.37308810945584686,-0.8671777127671303,0,,1.493020959519239
1.6512806973045409,-0.3042018263214586,-1.7780786715561328,0,Low,-1.0767811351802274
-0.6375194040951239,0.35021786345522987,1.410074684205376,0,,-2.211849229435016
-1.296523767656018,0.21244529718645336,-2.233529150950634,1,,1.7227191925533172
0.26949735435427885,-0.5108606757246233,-0.41172723337262906,0,Low,-1.5277031469478792
1.0418788127213483,-0.7864058082621764,-0.8671777127671303,0,Low,-0.8323131049868137
0.18446453324964737,0.040229589350482715,-0.8671777127671303,0,Low,-4.70079906148123
0.37578838073506826,-0.4764175341574292,-1.3226281921616316,0,Low,-3.5195154102967328
1.0843952232736642,-0.8897352329637588,-0.8671777127671303,1,Low,-0.7996805014911721
0.942673854765945,1.3490689689038597,1.410074684205376,1,Low,1.495808671249045
0.9993624021690326,0.17800215561925925,0.4991737254163734,0,Low,0.49948720250125916
-0.8217571831551588,0.14355901405206511,-0.41172723337262906,0,,0.5010388131685125
-0.3965930776320013,0.7290924206943653,0.4991737254163734,0,,-1.2586863978083511
1.0631370179975064,-0.26975868475426446,0.04372324602187216,0,Low,0.041126246212144016
-0.8713596621328605,0.6946492791271712,-1.7780786715561328,0,,2.0406029276511237
-1.5445361625445266,-0.3386449678886527,-0.8671777127671303,0,,0.5614522652944254
-0.5312283777143345,-0.958621516098147,-0.8671777127671303,1,,1.6324316875073543
1.4812150550952778,-0.5108606757246233,-0.8671777127671303,0,Low,-0.5854462897343782
1.3607518918637165,-0.3386449678886527,1.865525163599877,1,Low,1.370941657577455
0.8505549652359276,0.2813315803208416,-1.3226281921616316,0,Low,-1.5549996134566446
1.5520757393491373,-0.924178374530953,-0.8671777127671303,1,Low,-0.5587176602310506
0.8788992389374713,-0.8897352329637588,0.04372324602187216,0,Low,0.04974716851848088
-1.622482915223772,-0.7175195251277882,-0.41172723337262906,0,,0.2537652428643738
-0.09189213534040504,-0.7175195251277882,-0.8671777127671303,0,,9.437935998705399
-0.6587776093712817,0.31577472188803574,-0.8671777127671303,1,,1.3163636165942525
-1.5091058204175969,-0.7519626666949822,-2.233529150950634,0,,1.4800446205811981
-0.1485806827434927,0.005786447783288589,-1.3226281921616316,0,,8.902349829307505
0.8080385546836117,-0.3386449678886527,0.9546242048108746,0,Low,1.1813946071404757
-1.4169869308875793,-0.16642926005268205,-0.41172723337262906,0,,0.29056735109634246
1.3253215497367867,0.8324218453959477,-0.8671777127671303,0,Low,-0.6543100199639504
0.09234564371962989,-0.5108606757246233,2.7764261223888798,1,Low,30.06233306994708
0.22698094380196313,0.4879904297240064,-1.3226281921616316,0,Low,-5.826788373176467
-1.5870525730968423,-0.4764175341574292,0.4991737254163734,0,,-0.31453077181308453
-0.17692495644503656,-0.5797469588590116,2.7764261223888798,0,,-15.69356360919916
0.18446453324964737,2.2445906496509074,-0.8671777127671303,0,Low,-4.70079906148123
0.248239149078121,-0.8208489498293705,0.04372324602187216,0,Low,0.17612646884889413
-1.0910277833198252,-0.958621516098147,0.4991737254163734,0,,-0.45753032906342983
0.23406701222734907,0.4879904297240064,-0.41172723337262906,0,Low,-1.758939203191537
0.8222106915343836,-0.958621516098147,-0.8671777127671303,0,Low,-1.0546775600463791
1.3961822339906464,0.8324218453959477,2.3209756429943784,1,Low,1.6623610893182545
1.630022492028383,-0.4419743925902351,-1.3226281921616316,0,Low,-0.8114121642543315
1.4316125761175762,1.5212846767398303,-0.41172723337262906,0,Low,-0.28759481740585147
0.4679072702650857,0.2813315803208416,0.9546242048108746,1,Low,2.040155953786571
0.37578838073506826,-0.06309983535109967,0.4991737254163734,0,Low,1.3283019592579957
-0.7367243620505273,2.0379318002477422,0.9546242048108746,0,,-1.295786065787872
-1.7500321468807194,-0.5108606757246233,0.04372324602187216,0,,-0.024984395825964546
-1.5303640256937547,2.1412612249493246,0.9546242048108746,1,,-0.6237930497017612
-0.41785128290815915,-0.8897352329637588,-1.7780786715561328,0,,4.255392524120102
-1.4311590677383512,-0.37308810945584686,0.4991737254163734,0,,-0.34879226536842806
-1.657913257350702,-0.7175195251277882,0.04372324602187216,0,,-0.02637261603052827
-0.5595726514158783,-0.23531554318707032,4.598228039966885,0,,-8.217539230561313
-0.2194413669973523,-0.8552920913965647,0.4991737254163734,0,,-2.274851276948006
-0.6587776093712817,0.8668649869631418,-0.8671777127671303,0,,1.3163636165942525
1.6016782183268392,0.9013081285303359,-1.3226281921616316,0,Low,-0.8257713186797864
-1.452417273014509,2.175704366516519,0.04372324602187216,0,,-0.03010398449129453
0.8647271020866995,-0.8552920913965647,0.9546242048108746,0,Low,1.103947318216448
-1.7358600100299475,-0.02865669378390554,-0.8671777127671303,0,,0.49956949491976527
-1.0768556464690533,-0.37308810945584686,-0.8671777127671303,0,,0.8052943479973957
0.9143295810644011,-0.6141901004262057,-0.41172723337262906,0,Low,-0.4503001312634078
-0.12732247746733483,-0.6141901004262057,-1.3226281921616316,1,,10.388833981343147
-1.5161918888429828,-0.5108606757246233,-0.8671777127671303,0,,0.5719483388822725
0.20572273852580525,0.21244529718645336,0.04372324602187216,0,Low,0.2125244933556742
0.6946614598774364,-0.0975429769182938,0.9546242048108746,1,Low,1.3742096227464171
1.7433995868345584,-0.407531251023041,0.04372324602187216,0,Low,0.0250791588804205
0.3616162438842963,-0.958621516098147,0.9546242048108746,0,Low,2.6398089766856363
-0.4957980355874047,-0.958621516098147,-1.3226281921616316,0,,2.667729144763639
-1.105199920170597,-1.0275077992325352,0.4991737254163734,0,,-0.45166329904576125
-1.0768556464690533,2.485692640621266,-0.41172723337262906,1,,0.38234563581388953
-0.446195556609703,-1.0275077992325352,-1.3226281921616316,1,,2.9643007770387992
1.630022492028383,-0.924178374530953,0.4991737254163734,0,Low,0.30623544491141436
-0.956392483237492,-0.6486332419933999,-0.8671777127671303,0,,0.906726888003646
-0.4249373513335451,0.660206137559977,-0.8671777127671303,0,,2.0407669923945244
0.014398891040384344,2.3479200743524897,-0.41172723337262906,0,Low,-28.574526118537893
1.5449896709237514,0.5568767128583947,-0.41172723337262906,1,Low,-0.2664901754486837
1.1694280443782956,0.17800215561925925,0.04372324602187216,1,Low,0.03738825347102214
1.5591618077745233,-0.26975868475426446,-0.41172723337262906,0,Low,-0.26406790535823377
-0.6375194040951239,-0.958621516098147,0.4991737254163734,0,,-0.7830060579653674
0.03565709631654222,2.2445906496509074,-0.41172723337262906,0,Low,-11.543615149340654
0.5104236808174015,0.41910414658961814,0.9546242048108746,0,Low,1.8702218146775749
-0.8713596621328605,0.005786447783288589,1.865525163599877,1,,-2.1409604486831464
-1.650827188925316,0.41910414658961814,-0.8671777127671303,0,,0.5253020858909665
0.2128088069511912,0.2813315803208416,-0.41172723337262906,1,Low,-1.9346374470892338
1.6937971078568566,0.005786447783288589,-0.8671777127671303,0,Low,-0.5119695795020924
-0.19818316172119443,3.036782905696372,-0.41172723337262906,0,,2.0776134860878854
-1.3957287256114215,1.3835121104710537,0.04372324602187216,0,,-0.03132668869418396
-1.3673844519098777,0.040229589350482715,-1.3226281921616316,0,,0.9672757819295609
0.5104236808174015,0.17800215561925925,0.04372324602187216,0,Low,0.08565901441271342
0.772608212556682,-0.9930646576653411,2.3209756429943784,1,Low,3.0040395181910156
-0.5454005145651064,0.10911587248487098,0.04372324602187216,0,,-0.08016869537369385
0.20572273852580525,-0.9930646576653411,0.04372324602187216,0,Low,0.2125244933556742
-0.9705646200882639,-0.13198611848548794,0.9546242048108746,0,,-0.9835862763953042
0.2624112859288929,6.5499833455501735,0.04372324602187216,0,Low,0.16661470835761258
1.275719070759085,-0.20087240161987618,0.9546242048108746,0,Low,0.748296975189923
0.6450589808997347,-0.37308810945584686,-0.8671777127671303,1,Low,-1.344317799249316
-0.7083800883489835,-0.6486332419933999,-0.8671777127671303,0,,1.2241873662230485
1.4103543708414183,-0.924178374530953,0.4991737254163734,0,Low,0.35393245585080124
-0.8784457305582465,0.31577472188803574,-0.41172723337262906,0,,0.468705016257679
-0.6800358146474397,-0.8208489498293705,-0.41172723337262906,0,,0.6054582407082437
1.6937971078568566,-0.924178374530953,-1.3226281921616316,0,Low,-0.7808611653750402
0.9568459916167169,-0.4764175341574292,-1.3226281921616316,0,Low,-1.3822646288987552
1.5804200130506814,0.5913198544255888,-0.8671777127671303,0,Low,-0.5486973201003881
0.15612025954810352,0.384661005022424,-0.41172723337262906,0,Low,-2.637075186862009
-1.0414253043421235,-0.9930646576653411,0.4991737254163734,0,,-0.4793224406584925
1.1765141128036816,-0.407531251023041,-0.41172723337262906,0,Low,-0.3499522269811151
1.0064484705944186,-0.26975868475426446,0.04372324602187216,1,Low,0.043442672797069336
0.34035803860813846,0.040229589350482715,-0.41172723337262906,0,Low,-1.2096530422077778
-0.03520358793731737,0.040229589350482715,0.04372324602187216,0,,-1.2423639811816516
-0.5312283777143345,-0.5797469588590116,1.410074684205376,0,,-2.654416231367001
-1.502019751992211,-0.20087240161987618,-0.41172723337262906,0,,0.2741175500535393
1.6016782183268392,-0.37308810945584686,-1.3226281921616316,1,Low,-0.8257713186797864
-0.5737447882666502,1.176853261067889,-1.3226281921616316,1,,2.305295441744983
-0.02811751951193141,-0.26975868475426446,-0.8671777127671303,0,,30.85216083898903
-1.5941386415222283,-0.4419743925902351,0.4991737254163734,0,,-0.3131326496585081
0.7371778704297521,-0.5108606757246233,-0.41172723337262906,0,Low,-0.5585105912453605
0.38996051758584016,-0.16642926005268205,-0.8671777127671303,0,Low,-2.223700699569545
1.119825565400594,0.625762995992783,-0.41172723337262906,0,Low,-0.3676675809321555
1.112739496975208,-0.23531554318707032,-0.8671777127671303,1,Low,-0.7793108108557976
-1.6862575310522459,0.07467273091767684,1.410074684205376,1,,-0.8362204588821349
0.46082120183969977,0.35021786345522987,-0.41172723337262906,1,Low,-0.8934447835323626
0.9922763337436467,-0.26975868475426446,1.410074684205376,1,Low,1.4210360822823378
0.43956299656354186,-0.4764175341574292,-0.41172723337262906,0,Low,-0.9366526983945712
-1.5232779572683688,1.1079669779335009,-0.41172723337262906,0,,0.27029205952114116
-0.5524865829904924,-0.4764175341574292,-1.7780786715561328,0,,3.2183783463393087
-1.636655052074544,-0.407531251023041,-0.8671777127671303,0,,0.5298508138144746
0.49625154396662957,3.760088878607449,1.410074684205376,0,Low,2.8413942231642966
0.09234564371962989,-1.0275077992325352,0.4991737254163734,1,Low,5.4049076516833985
1.7221413815584004,-0.8208489498293705,0.4991737254163734,1,Low,0.2898547309846035
1.0560509495721202,-0.5453038172918175,1.865525163599877,1,Low,1.7664938414356899
-0.7721547041774571,1.7279435261429952,-0.41172723337262906,1,,0.5332254837015684
1.4812150550952778,-0.958621516098147,-0.8671777127671303,1,Low,-0.5854462897343782
0.8505549652359276,-1.0275077992325352,1.410074684205376,0,Low,1.6578095052554311
1.5591618077745233,-0.9930646576653411,-0.8671777127671303,1,Low,-0.556178420135041
-0.7650686357520712,-0.958621516098147,-1.3226281921616316,0,,1.7287932327715718
-1.126458125446755,-0.9930646576653411,-1.3226281921616316,0,,1.1741581012770301
0.7300918020043662,-0.37308810945584686,0.9546242048108746,1,Low,1.3075220499252593
0.5033376123920155,-0.13198611848548794,0.04372324602187216,1,Low,0.08686491193251111
0.2624112859288929,-0.7175195251277882,0.4991737254163734,0,Low,1.9021845870827423
-0.2548717091242821,-0.5108606757246233,0.04372324602187216,0,,-0.17155674805802518
1.3890961655652603,-0.958621516098147,1.865525163599877,0,Low,1.3429680249390805
0.6450589808997347,-0.6141901004262057,-0.41172723337262906,0,Low,-0.6382685349377004
-1.4169869308875793,-0.26975868475426446,0.04372324602187216,1,,-0.030856709850939055
-0.6942079514982116,0.31577472188803574,0.9546242048108746,0,,-1.3751469631257387
-0.4603676934604749,-1.0275077992325352,-0.8671777127671303,0,,1.883704182824923
-1.331954109782948,-0.407531251023041,1.410074684205376,0,,-1.0586590487157603
-0.43202341975893105,-0.683076383560594,0.04372324602187216,0,,-0.10120807368963279
-0.8926178674090184,0.9357512700975301,0.04372324602187216,0,,-0.048983711233453554
-0.7154661567743694,0.2468884387536475,-1.3226281921616316,1,,1.848650234732334
0.4466490649889278,-0.13198611848548794,1.410074684205376,0,Low,3.15693734826658
-1.3673844519098777,-0.7175195251277882,1.865525163599877,0,,-1.3643118466885267
0.6450589808997347,1.452398393605442,-0.8671777127671303,0,Low,-1.344317799249316
0.3828744491604542,-0.9930646576653411,-0.41172723337262906,0,Low,-1.0753302576676018
-0.5028841040127907,-0.924178374530953,-0.41172723337262906,1,,0.8187481321610401
-0.5737447882666502,-0.5453038172918175,-0.41172723337262906,0,,0.7176264047305317
0.5316818860935594,-0.924178374530953,1.865525163599877,1,Low,3.508658327111671
0.14194812269733162,2.175704366516519,0.04372324602187216,0,Low,0.30800101601156227
-1.3957287256114215,0.5913198544255888,0.4991737254163734,0,,-0.3576463625919332
1.7008831762822425,-0.7519626666949822,0.9546242048108746,0,Low,0.5612487710118641
1.3678379602891024,-0.13198611848548794,2.7764261223888798,0,Low,2.0297768487384125
-1.0626835096182814,3.1401123303979546,2.3209756429943784,1,,-2.184090995011334
1.630022492028383,1.176853261067889,0.9546242048108746,0,Low,0.5856473472028508
0.09234564371962989,-0.0975429769182938,-0.41172723337262906,0,Low,-4.458062515622072
-1.4028147940368074,1.3835121104710537,0.04372324602187216,0,,-0.031168446392353097
-1.3532123150591058,3.6223163123386724,-0.41172723337262906,0,,0.3042614018544932
1.7079692447076285,0.35021786345522987,0.04372324602187216,1,Low,0.025599401255813673
-1.0130810306405797,-0.958621516098147,0.4991737254163734,0,,-0.4927331947304213
-1.7429460784553334,-0.5108606757246233,0.4991737254163734,0,,-0.28639818269110767
-1.0485113727675095,0.8324218453959477,-2.233529150950634,1,,2.130210993482302
-0.3895070092066153,-0.7864058082621764,-0.41172723337262906,0,,1.057074184500917
0.07817350686885798,0.7979787038287536,-0.41172723337262906,0,Low,-5.266164819943989
0.8080385546836117,-0.924178374530953,0.9546242048108746,0,Low,1.1813946071404757
1.622936423602997,-0.9930646576653411,1.865525163599877,0,Low,1.1494681133455698
0.8576410336613135,-0.5453038172918175,-0.8671777127671303,0,Low,-1.0111078734029473
0.7017475283028224,-0.9930646576653411,-0.8671777127671303,0,Low,-1.2357227073350696
-1.4453312045891231,2.210147508083713,-0.41172723337262906,0,,0.2848690187795834
0.7371778704297521,0.7635355622615595,-0.8671777127671303,1,Low,-1.176332041738016
0.42539085971276996,0.625762995992783,0.04372324602187216,0,Low,0.10278128269743984
1.2261165917813834,-0.02865669378390554,0.9546242048108746,0,Low,0.7785690410840406
0.40413265443661206,-0.7864058082621764,-1.3226281921616316,0,Low,-3.2726765602245527
-0.7579825673266852,-0.3042018263214586,1.410074684205376,1,,-1.860324166056046
0.1277759858465597,-0.0975429769182938,0.04372324602187216,0,Low,0.3421599460395703
0.8434688968105415,-0.26975868475426446,0.4991737254163734,0,Low,0.5918034550762395
-0.8997039358344043,-0.7175195251277882,-0.41172723337262906,0,,0.45763033068660214
-1.0272531674913516,-0.3042018263214586,0.04372324602187216,0,,-0.04256367664985249
-0.6587776093712817,-0.3386449678886527,1.865525163599877,1,,-2.8318410575473
-0.7367243620505273,4.758939984056079,-0.8671777127671303,0,,1.1770881055630285
-0.7508964989012992,1.3146258273366656,-0.41172723337262906,0,,0.5483215292525173
-0.9280482095359482,-0.407531251023041,0.04372324602187216,0,,-0.04711362697419034
0.4820794071158576,-0.02865669378390554,-0.41172723337262906,0,Low,-0.854047459444968
0.17029239639887545,0.384661005022424,-0.8671777127671303,1,Low,-5.091987729497719
-1.126458125446755,-0.9930646576653411,1.865525163599877,0,,-1.6561128040050674
-1.3673844519098777,1.2801826857694714,-0.41172723337262906,0,,0.30110788803867866
1.3324076181621727,1.0046375532319183,0.04372324602187216,0,Low,0.03281497139176259
0.6734032546012785,-0.407531251023041,-0.41172723337262906,0,Low,-0.6114035186557307
-0.15566675116887868,-0.5453038172918175,0.04372324602187216,0,,-0.28089527562113215
1.5804200130506814,-0.7175195251277882,0.04372324602187216,0,Low,0.027665411097498586
-0.9493064148121061,-0.37308810945584686,1.865525163599877,0,,-1.965166131981147
0.47499333869047167,-0.9930646576653411,0.04372324602187216,0,Low,0.09204829200235098
0.19863667010041927,0.9357512700975301,1.410074684205376,0,Low,7.098405845376412
-0.8784457305582465,-0.9930646576653411,0.04372324602187216,0,,-0.049773984027364195
1.0064484705944186,-0.6486332419933999,-1.3226281921616316,1,Low,-1.3141408521113462
1.0277066758705764,1.7279435261429952,-0.8671777127671303,1,Low,-0.8437906410660759
-0.8642735937074746,0.31577472188803574,-1.3226281921616316,0,,1.5303527787024878
-1.3673844519098777,-0.7175195251277882,0.04372324602187216,0,,-0.03197605890676237
-0.9138760726851762,-0.7519626666949822,-0.8671777127671303,0,,0.9489111574293776
-1.7712903521568772,-1.0275077992325352,-0.8671777127671303,1,,0.48957676954479473
-0.08480606691501909,0.17800215561925925,0.4991737254163734,1,,-5.886755643002113
0.2765834227796648,-0.9930646576653411,0.4991737254163734,1,Low,1.8047201571167393
-1.0981138517452111,-0.26975868475426446,0.4991737254163734,1,,-0.4545778840708363
-0.8855317989836324,2.3479200743524897,0.04372324602187216,0,,-0.04937568569408003
-0.9422203463867201,-0.924178374530953,-0.41172723337262906,1,,0.4369801657894765
-1.4382451361637372,1.2801826857694714,-1.3226281921616316,0,,0.9196188849130271
-1.147716330722913,3.8634183033090315,0.4991737254163734,0,,-0.4349315779254748
1.6796249710060847,-0.9930646576653411,0.04372324602187216,0,Low,0.026031397760003988
-0.098978203765791,1.176853261067889,-0.41172723337262906,1,,4.160197090643219
0.8647271020866995,-0.3042018263214586,-0.41172723337262906,1,Low,-0.47612995022312443
0.949759923191331,1.417955252038248,-0.41172723337262906,0,Low,-0.4335020759440144
0.14903419112271757,-0.16642926005268205,0.9546242048108746,0,Low,6.404974240323607
-0.43910948818431705,0.07467273091767684,-0.41172723337262906,1,,0.9376627494491677
1.6725389025806987,-0.23531554318707032,0.04372324602187216,0,Low,0.02614168467923918
-0.41785128290815915,1.0046375532319183,-0.41172723337262906,0,,0.9853675311999415
1.3890961655652603,0.31577472188803574,-0.8671777127671303,0,Low,-0.6242702928427757
-1.289437699230632,-0.26975868475426446,0.4991737254163734,0,,-0.38712812336373525
0.19155060167503332,1.0390806947991125,0.9546242048108746,0,Low,4.983405754959548
0.6946614598774364,-0.7519626666949822,1.410074684205376,0,Low,2.0298439847437533
-0.02811751951193141,-0.8552920913965647,-0.8671777127671303,1,,30.85216083898903
1.4174404392668043,-0.8552920913965647,-0.8671777127671303,0,Low,-0.6117869724007351
-1.2398352202529304,-0.6141901004262057,0.4991737254163734,1,,-0.40261620530234055
-0.6871218830728256,-0.7519626666949822,-0.8671777127671303,0,,1.2620618768649934
-0.7579825673266852,1.693500384575801,-0.8671777127671303,0,,1.1440753269285242
1.3040633444606289,-0.924178374530953,-0.8671777127671303,0,Low,-0.6649761813249846
1.6583667657299268,0.21244529718645336,-0.41172723337262906,0,Low,-0.24827122634669163
-1.1689745359990709,-0.8208489498293705,-0.41172723337262906,1,,0.3522153330517773
-0.46745376188586085,1.176853261067889,-1.7780786715561328,0,,3.8038344214556
0.24115308065273502,2.3134769327852958,0.04372324602187216,0,Low,0.18130157362200827
1.4953871919460497,-0.407531251023041,2.3209756429943784,0,Low,1.5520797119954157
-0.2194413669973523,1.1424101195006948,-0.41172723337262906,1,,1.876337184635946
-1.289437699230632,-1.0275077992325352,1.865525163599877,0,,-1.4467853953447622
-1.4453312045891231,0.7290924206943653,-1.3226281921616316,0,,0.9151102107698125
1.7433995868345584,-0.7864058082621764,0.04372324602187216,0,Low,0.0250791588804205
-1.112285988595983,1.417955252038248,1.865525163599877,1,,-1.6772142730103474
-0.09189213534040504,-1.0275077992325352,1.410074684205376,0,,-15.346559796214244
1.3820100971398743,-0.20087240161987618,-1.3226281921616316,0,Low,-0.9570252957238785
1.4316125761175762,0.41910414658961814,-0.8671777127671303,0,Low,-0.6057306773680766
-0.33281846180352764,-0.7519626666949822,-0.8671777127671303,0,,2.6056360107786736
1.0560509495721202,-0.8208489498293705,-0.41172723337262906,0,Low,-0.38987071109811117
-0.2336135038481242,-0.958621516098147,-1.3226281921616316,0,,5.661850830035194
1.5804200130506814,-0.6486332419933999,0.4991737254163734,0,Low,0.31584677669644196
1.282805139184471,-0.20087240161987618,-1.3226281921616316,0,Low,-1.0310356899923017
0.6379729124743487,-0.924178374530953,0.4991737254163734,0,Low,0.7824249139845789
-1.502019751992211,-0.5453038172918175,0.04372324602187216,0,,-0.029109828324269692
-1.0697695780436673,-1.0275077992325352,0.4991737254163734,1,,-0.46662234735887287
0.26949735435427885,0.7290924206943653,-0.41172723337262906,1,Low,-1.5277031469478792
0.021484959465770302,-0.8897352329637588,-0.8671777127671303,0,Low,-40.34330532923635
-0.20526923014658038,-0.7175195251277882,-0.8671777127671303,1,,4.224792776178
0.751350007280524,-1.0275077992325352,-1.3226281921616316,0,Low,-1.7603122063267094
-1.6153968467983861,-0.4764175341574292,0.9546242048108746,1,,-0.5909570247540958
-0.006859314235773533,0.8668649869631418,-0.8671777127671303,0,,126.60796145662528
-1.7075157363284037,-0.5453038172918175,0.9546242048108746,0,,-0.5590752549174876
-0.03520358793731737,-0.8552920913965647,-0.8671777127671303,0,,24.640218960102736
0.5245958176681734,0.41910414658961814,-0.41172723337262906,1,Low,-0.7848316192960275
-1.0697695780436673,0.5568767128583947,-0.41172723337262906,0,,0.3848782865076834
0.2765834227796648,-0.8552920913965647,0.4991737254163734,0,Low,1.8047201571167393
-0.5028841040127907,0.4879904297240064,-0.41172723337262906,0,,0.8187481321610401
-0.19818316172119443,2.0034886586805483,-1.3226281921616316,0,,6.67410349955666
1.0135345390198045,-0.8552920913965647,0.04372324602187216,0,Low,0.04313894884595477
-0.006859314235773533,0.4879904297240064,0.04372324602187216,0,,-6.383594695292037
-0.7367243620505273,0.21244529718645336,-0.41172723337262906,0,,0.5588695627253034
1.3536658234383305,-0.37308810945584686,0.4991737254163734,1,Low,0.36875425916115895
-1.0981138517452111,-0.9930646576653411,0.04372324602187216,0,,-0.03981704094051124
0.04274316474192818,-0.958621516098147,-1.3226281921616316,0,Low,-30.936380970752452
0.5245958176681734,0.9357512700975301,-0.41172723337262906,0,Low,-0.7848316192960275
1.7150553131330144,3.7256457370402547,-0.41172723337262906,0,Low,-0.24006504604801424
-1.7500321468807194,0.10911587248487098,0.4991737254163734,1,,-0.285238519013095
-1.664999325776088,-0.4419743925902351,0.4991737254163734,1,,-0.2998059613287296
0.20572273852580525,0.040229589350482715,0.4991737254163734,0,Low,2.4263212991439453
0.602542570347419,-0.0975429769182938,0.04372324602187216,1,Low,0.07256337151903985
-0.02811751951193141,-0.5453038172918175,0.4991737254163734,1,,-17.759437121602932
0.04982923316731414,-0.958621516098147,-0.41172723337262906,1,Low,-8.261106907291872
1.7433995868345584,0.7290924206943653,1.410074684205376,0,Low,0.8088028738935605
1.5945921499014533,-0.5797469588590116,0.4991737254163734,0,Low,0.3130396666323461
0.942673854765945,0.7290924206943653,-1.3226281921616316,0,Low,-1.4030453427994918
-0.6446054725205098,-0.7519626666949822,0.04372324602187216,0,,-0.06783051989320475
1.5875060814760673,-1.0275077992325352,0.04372324602187216,0,Low,0.027541923217066513
0.6308868440489628,-0.8552920913965647,1.865525163599877,1,Low,2.9569416635964294
-0.7012940199235975,-0.407531251023041,0.9546242048108746,0,,-1.3612519003568306
1.0277066758705764,1.9346023755461599,-0.8671777127671303,0,Low,-0.8437906410660759
-0.5170562408635626,-0.924178374530953,1.865525163599877,0,,-3.6080431809814644
-0.623347267244352,0.9357512700975301,0.4991737254163734,0,,-0.8008084092631257
0.9143295810644011,-0.26975868475426446,-0.8671777127671303,0,Low,-0.9484197454928412
-1.5445361625445266,0.7635355622615595,1.410074684205376,1,,-0.9129496918863137
1.1765141128036816,-0.683076383560594,-0.41172723337262906,0,Low,-0.3499522269811151
1.3749240287144884,0.8324218453959477,0.9546242048108746,1,Low,0.6943054611161324
-0.5099701724381767,0.4879904297240064,2.3209756429943784,1,,-4.551288058237046
1.2473747970575413,-0.7864058082621764,0.4991737254163734,0,Low,0.40017621394286296
-1.0626835096182814,-0.8897352329637588,0.4991737254163734,1,,-0.46973385606994156
0.12068991742117373,1.0390806947991125,-0.8671777127671303,0,Low,-7.184575858003082
0.5104236808174015,2.3823632159196837,-0.41172723337262906,0,Low,-0.8066223857197172
-1.317781972932176,-1.0275077992325352,-1.3226281921616316,0,,1.0036851741645787
1.1765141128036816,0.31577472188803574,0.4991737254163734,0,Low,0.4242783636850688
-0.5879169251174222,1.452398393605442,0.4991737254163734,1,,-0.8490693068748488
0.5600261597951032,0.9701944116647242,0.04372324602187216,0,Low,0.07807218383518111
-1.4736754782906671,2.416806357486878,0.04372324602187216,0,,-0.029669722651430766
-1.466589409865281,0.41910414658961814,0.04372324602187216,0,,-0.0298130777834175
0.24115308065273502,-0.4419743925902351,0.04372324602187216,0,Low,0.18130157362200827
1.0347927442959624,-0.6486332419933999,0.04372324602187216,0,Low,0.042252734893566284
-1.6933435994776318,-0.6486332419933999,-1.3226281921616316,1,,0.7810795182766366
-1.105199920170597,0.2813315803208416,-0.8671777127671303,0,,0.7846413516269428
0.3616162438842963,0.384661005022424,-1.7780786715561328,0,Low,-4.916896109246529
0.9568459916167169,-0.8208489498293705,-0.8671777127671303,0,Low,-0.9062781864405062
0.014398891040384344,1.0390806947991125,-0.8671777127671303,0,Low,-60.183515187716985
1.7575717236853303,0.2468884387536475,0.04372324602187216,0,Low,0.02487693484328708
-0.06354786163886121,-0.20087240161987618,0.4991737254163734,1,,-7.856319248727553
-1.5303640256937547,-0.37308810945584686,0.04372324602187216,0,,-0.02857067403214176
-0.2548717091242821,-0.23531554318707032,-0.41172723337262906,0,,1.6154927108797354
0.6096286387728049,-0.8552920913965647,0.04372324602187216,0,Low,0.07171993906076314
-1.140630262297527,-0.8208489498293705,0.4991737254163734,0,,-0.43763357702492367
0.09234564371962989,-0.958621516098147,-0.8671777127671303,0,Low,-9.389547599274808
-1.119372057021369,-0.8552920913965647,-1.7780786715561328,0,,1.588475025040257
1.12691163382598,-0.407531251023041,-0.8671777127671303,0,Low,-0.7695102185792633
1.467042918244506,-0.26975868475426446,0.04372324602187216,1,Low,0.029803455266079935
-1.140630262297527,-1.0275077992325352,0.04372324602187216,0,,-0.038332868060577285
1.1836001812290675,0.5913198544255888,-0.41172723337262906,0,Low,-0.3478571238252523
-0.963478551662878,-0.683076383560594,-0.8671777127671303,0,,0.9000581402168689
-1.0343392359167376,1.452398393605442,0.04372324602187216,0,,-0.0422720778873854
0.9922763337436467,2.485692640621266,-0.41172723337262906,1,Low,-0.4149278483149978
-0.3895070092066153,-0.8208489498293705,0.04372324602187216,0,,-0.11225566561071698
0.4466490649889278,-0.407531251023041,1.865525163599877,0,Low,4.1766199542958375
-0.9705646200882639,-1.0275077992325352,-0.8671777127671303,0,,0.8934867701606197
1.7150553131330144,-0.0975429769182938,0.4991737254163734,1,Low,0.2910523124652917
-1.2469212886783163,-0.06309983535109967,-0.8671777127671303,0,,0.6954606319157711
1.1481698391021378,-0.7519626666949822,1.410074684205376,0,Low,1.2280956660134676
0.8859853073628573,-0.20087240161987618,0.04372324602187216,0,Low,0.04934929751717681
1.1977723180798394,-0.7864058082621764,0.04372324602187216,0,Low,0.0365034993102626
-0.2406995722735102,-0.8552920913965647,-0.8671777127671303,0,,3.602888586223019
0.18446453324964737,0.040229589350482715,0.04372324602187216,0,Low,0.23701507873014627
-0.013945382661159491,-0.6486332419933999,-1.3226281921616316,1,,94.91150866262488
-0.616261198818966,-0.13198611848548794,-0.41172723337262906,0,,0.6681159146817023
1.0135345390198045,-0.4419743925902351,1.410074684205376,0,Low,1.3912311002820403
0.751350007280524,3.243441755099537,-0.41172723337262906,1,Low,-0.5479759760741546
1.45995684981912,-0.8897352329637588,0.4991737254163734,0,Low,0.3419075751468039
1.112739496975208,-0.407531251023041,1.410074684205376,1,Low,1.267198671433587
-0.41785128290815915,0.14355901405206511,-1.3226281921616316,0,,3.165384193146715
-0.16983888801965058,-0.5108606757246233,-0.8671777127671303,0,,5.1061849540390964
-0.5241423092889486,2.761237773158819,0.9546242048108746,0,,-1.8213420311866337
-1.0768556464690533,0.2813315803208416,-0.41172723337262906,0,,0.38234563581388953
1.7363135184091725,0.07467273091767684,1.410074684205376,0,Low,0.8121036599776594
-1.5232779572683688,0.41910414658961814,-0.41172723337262906,1,,0.27029205952114116
1.5237314656475935,2.1068180833821306,-0.41172723337262906,1,Low,-0.27020806524920815
1.7433995868345584,1.417955252038248,-0.41172723337262906,0,Low,-0.23616207945729284
1.6725389025806987,0.2813315803208416,0.4991737254163734,0,Low,0.2984509000879804
-1.0981138517452111,0.384661005022424,0.9546242048108746,0,,-0.8693387272011613
-0.7012940199235975,-0.8897352329637588,-1.3226281921616316,1,,1.8860093123264485
-0.7083800883489835,-0.924178374530953,0.04372324602187216,0,,-0.061723732750742
-0.43202341975893105,-0.16642926005268205,0.04372324602187216,0,,-0.10120807368963279
-0.19109709329580846,-1.0275077992325352,0.04372324602187216,0,,-0.22881318286728705
-1.5161918888429828,-0.37308810945584686,-0.41172723337262906,0,,0.2715553037550285
0.12068991742117373,-0.7864058082621764,0.4991737254163734,1,Low,4.135659212379926
0.8363828283851555,-0.6141901004262057,-0.41172723337262906,0,Low,-0.4922653798545369
-0.4816258987366328,0.4879904297240064,0.04372324602187216,0,,-0.09078447396891648
-1.6862575310522459,1.9001592339789657,-0.41172723337262906,0,,0.24416773088806518
0.19863667010041927,-0.958621516098147,-0.8671777127671303,0,Low,-4.365427884236656
-0.2406995722735102,-0.26975868475426446,-0.8671777127671303,0,,3.602888586223019
0.7371778704297521,1.176853261067889,-0.41172723337262906,0,Low,-0.5585105912453605
0.7796942809820679,-0.958621516098147,-0.8671777127671303,0,Low,-1.1121879588436865
0.248239149078121,0.7635355622615595,0.9546242048108746,0,Low,3.8454279032008523
0.15612025954810352,-0.5797469588590116,0.9546242048108746,0,Low,6.114280521750853
0.8363828283851555,-0.6486332419933999,0.4991737254163734,0,Low,0.5968173189386865
-1.3390401782083339,2.8645671978604015,0.04372324602187216,1,,-0.032652920549091205
-1.1831466728498428,-0.8208489498293705,-0.41172723337262906,0,,0.3479963412687515
0.8292967599597696,0.17800215561925925,-0.41172723337262906,0,Low,-0.4964715751172731
-0.2406995722735102,0.7290924206943653,0.9546242048108746,0,,-3.9662050823127357
0.6450589808997347,-0.9930646576653411,0.4991737254163734,0,Low,0.7738299936855307
1.0347927442959624,0.10911587248487098,-0.8671777127671303,0,Low,-0.8380125753890638
-0.45328162503508895,2.072374941814936,-0.41172723337262906,1,,0.908345483441096
-1.6437411204999302,-0.924178374530953,-0.41172723337262906,0,,0.2504833231163774
-0.5241423092889486,1.2801826857694714,-0.41172723337262906,0,,0.7855406470385099
-1.0697695780436673,-0.0975429769182938,0.9546242048108746,1,,-0.892372664292151
1.0277066758705764,-0.06309983535109967,0.4991737254163734,0,Low,0.48571141943719504
1.3749240287144884,-0.06309983535109967,0.9546242048108746,1,Low,0.6943054611161324
-0.12732247746733483,-0.683076383560594,-0.8671777127671303,0,,6.811411811459142
1.0773091548482783,1.7968298092773833,0.04372324602187216,1,Low,0.0405852303146228
-1.2398352202529304,2.0034886586805483,0.04372324602187216,1,,-0.03526565301918314
0.09943171214501585,-0.02865669378390554,-0.41172723337262906,1,Low,-4.140387614929711
1.445784712968348,0.5224335712912005,0.04372324602187216,1,Low,0.030241669601975756
0.23406701222734907,-0.06309983535109967,-1.3226281921616316,1,Low,-5.650397617332106
-0.31864632495275574,-0.37308810945584686,0.4991737254163734,0,,-1.566593907616735
-0.19818316172119443,0.07467273091767684,-1.3226281921616316,0,,6.67410349955666
0.942673854765945,-0.20087240161987618,-0.8671777127671303,0,Low,-0.9199030071247356
-1.4099008624621934,-0.0975429769182938,-0.8671777127671303,0,,0.6150672621941218
0.6238007756235768,0.5224335712912005,0.04372324602187216,1,Low,0.07009055907725434
0.8222106915343836,-0.37308810945584686,-2.233529150950634,0,Low,-2.716459429867355
-0.7579825673266852,-0.9930646576653411,1.865525163599877,1,,-2.46120406465296
0.8647271020866995,-0.8552920913965647,-0.41172723337262906,1,Low,-0.47612995022312443
-1.289437699230632,-0.4419743925902351,-1.3226281921616316,0,,1.0257482392776343
-1.0768556464690533,0.2813315803208416,0.04372324602187216,0,,-0.04060307636961663
1.0277066758705764,-0.13198611848548794,-0.8671777127671303,0,Low,-0.8437906410660759
-1.6012247099476142,0.040229589350482715,-1.3226281921616316,0,,0.8260155143121957
1.3111494128860148,-0.37308810945584686,0.04372324602187216,0,Low,0.033347009976179925
0.9072435126390151,-0.06309983535109967,0.04372324602187216,1,Low,0.048192975185833306
1.5449896709237514,-0.6486332419933999,-0.8671777127671303,1,Low,-0.5612801925379356
1.6512806973045409,-0.37308810945584686,-0.41172723337262906,0,Low,-0.24933661531837228
-1.4028147940368074,0.35021786345522987,-1.3226281921616316,0,,0.9428455033686803
-0.7083800883489835,1.0735238363663067,1.865525163599877,0,,-2.633545930698323
-0.7579825673266852,-0.4419743925902351,3.687327081177882,0,,-4.8647236590406155
-1.3744705203352636,-0.9930646576653411,-0.41172723337262906,0,,0.29955551816955717
-1.502019751992211,-0.8552920913965647,-0.8671777127671303,0,,0.5773449284313483
-1.0059949622151938,-1.0275077992325352,1.865525163599877,0,,-1.8544264911196715
-0.4957980355874047,0.040229589350482715,-1.3226281921616316,0,,2.667729144763639
-1.480761546716053,-0.6141901004262057,-0.41172723337262906,1,,0.27805288083996266
-0.4603676934604749,-0.23531554318707032,0.9546242048108746,0,,-2.073657545798865
1.2190305233559973,-0.3386449678886527,-0.8671777127671303,0,Low,-0.7113608581114311
1.0418788127213483,-0.958621516098147,-0.41172723337262906,0,Low,-0.3951738691744115
-0.19818316172119443,-0.5108606757246233,0.9546242048108746,0,,-4.817121534115275
-0.9138760726851762,-0.7864058082621764,-0.8671777127671303,0,,0.9489111574293776
-0.8359293200059307,-0.4764175341574292,1.410074684205376,0,,-1.6868549995894002
-0.623347267244352,-0.8208489498293705,0.4991737254163734,0,,-0.8008084092631257
-0.2548717091242821,0.8668649869631418,0.4991737254163734,0,,-1.958606206995786
-0.21235529857196633,-0.8552920913965647,1.410074684205376,0,,-6.640479886713786
-0.11315034061656291,2.3134769327852958,-0.8671777127671303,0,,7.664619958198904
0.5671122282204891,-0.4764175341574292,0.4991737254163734,0,Low,0.8801871987678496
-0.7438104304759132,0.9013081285303359,0.04372324602187216,0,,-0.05878357181629523
-0.08480606691501909,-0.02865669378390554,1.410074684205376,1,,-16.629010465998668
-1.2398352202529304,0.31577472188803574,2.3209756429943784,1,,-1.8720184144349703
-1.7146018047537896,0.4535472881568123,-1.3226281921616316,0,,0.7713953773105531
-1.2540073571037023,-0.3042018263214586,-0.41172723337262906,0,,0.3283318190746237
1.3536658234383305,-0.23531554318707032,0.4991737254163734,0,Low,0.36875425916115895
1.7079692447076285,-0.3042018263214586,-0.41172723337262906,1,Low,-0.2410610284922452
1.0631370179975064,-0.13198611848548794,0.4991737254163734,0,Low,0.4695246442553105
0.014398891040384344,-1.0275077992325352,-0.41172723337262906,0,Low,-28.574526118537893
-0.1485806827434927,-0.5108606757246233,0.9546242048108746,0,,-6.425387480106243
-1.7287739416045615,-0.0975429769182938,0.04372324602187216,0,,-0.025291623089552753
-0.5454005145651064,-0.0975429769182938,-1.7780786715561328,0,,3.2601936118635466
-0.7792407726028431,0.5913198544255888,-0.41172723337262906,0,,0.5283765064838852
-0.5879169251174222,0.040229589350482715,3.2318766017833807,0,,-5.497258943051028
-0.5737447882666502,3.966747728010614,2.3209756429943784,1,,-4.045380706312821
1.0064484705944186,-0.683076383560594,-0.41172723337262906,0,Low,-0.40908516883906915
1.296977276035243,-0.5797469588590116,-0.8671777127671303,0,Low,-0.6686092676390809
0.22698094380196313,-0.5453038172918175,0.4991737254163734,0,Low,2.1990909287194933
-0.9138760726851762,-0.407531251023041,0.4991737254163734,0,,-0.5462219687723728
-0.40367914605738725,0.8324218453959477,0.04372324602187216,0,,-0.10831456020088363
-1.7429460784553334,-0.7519626666949822,-1.3226281921616316,1,,0.7588506592472415
-1.5728804362460704,0.4879904297240064,1.865525163599877,0,,-1.1860641033169128
-0.6091751303935801,-0.5108606757246233,0.4991737254163734,1,,-0.8194390987118032
1.2119444549306113,-0.0975429769182938,-0.41172723337262906,0,Low,-0.3397217046379865
0.6238007756235768,0.005786447783288589,0.4991737254163734,0,Low,0.8002005494653197
-0.8146711147297728,-0.5797469588590116,1.410074684205376,1,,-1.7308727011882785
1.7363135184091725,-0.3042018263214586,-1.3226281921616316,0,Low,-0.7617406423046262
0.8080385546836117,-0.5108606757246233,-1.3226281921616316,0,Low,-1.6368177190534072
0.49625154396662957,-0.958621516098147,0.4991737254163734,0,Low,1.0058682392080327
0.6450589808997347,-0.4419743925902351,0.4991737254163734,0,Low,0.7738299936855307
-0.7508964989012992,-0.924178374530953,-0.41172723337262906,0,,0.5483215292525173
0.5387679545189453,-0.5108606757246233,1.865525163599877,0,Low,3.4625120570598233
-0.2406995722735102,-0.13198611848548794,-0.8671777127671303,0,,3.602888586223019
0.35453017545891036,-0.16642926005268205,0.04372324602187216,0,Low,0.12332381221755075
-0.8430153884313167,0.07467273091767684,1.410074684205376,0,,-1.6726757664375957
0.29075555963043676,-0.924178374530953,0.04372324602187216,1,Low,0.15037285047597945
-1.282351630805246,0.040229589350482715,0.04372324602187216,1,,-0.03409641001393378
0.007312822614998386,-0.6486332419933999,0.9546242048108746,0,Low,130.36287439977613
1.1623419759529097,-0.5108606757246233,-0.41172723337262906,1,Low,-0.3542190677957856
0.17029239639887545,0.9701944116647242,0.4991737254163734,0,Low,2.931102180425158
1.3749240287144884,-1.0275077992325352,0.04372324602187216,1,Low,0.03180025012745648
0.8009524862582258,-0.13198611848548794,0.4991737254163734,0,Low,0.6232173590904514
-0.48871196716201876,-0.0975429769182938,0.04372324602187216,0,,-0.08946811954897789
-0.5950029935428082,-0.5108606757246233,0.04372324602187216,1,,-0.07348531242616453
-1.1335441938721411,-0.7519626666949822,-0.41172723337262906,0,,0.3632243611162475
-0.34699059865429954,-0.7519626666949822,-0.41172723337262906,0,,1.1866001585375017
0.6734032546012785,1.176853261067889,0.04372324602187216,1,Low,0.06492780729087412
-1.6437411204999302,-0.4419743925902351,-0.8671777127671303,1,,0.5275666451477684
-1.502019751992211,-0.6141901004262057,0.04372324602187216,1,,-0.029109828324269692
-0.8855317989836324,-0.4419743925902351,0.9546242048108746,0,,-1.0780358043207465
1.4174404392668043,0.10911587248487098,-0.8671777127671303,0,Low,-0.6117869724007351
-0.5524865829904924,-0.8897352329637588,-2.233529150950634,0,,4.042758045709009
-0.7792407726028431,-0.4419743925902351,0.04372324602187216,0,,-0.05611077944961619
-0.06354786163886121,-0.13198611848548794,-0.41172723337262906,0,,6.480029745300827
-0.2194413669973523,2.0379318002477422,-1.7780786715561328,0,,8.103119877011874
-0.8855317989836324,-0.7519626666949822,0.04372324602187216,0,,-0.04937568569408003
-1.3673844519098777,-0.5797469588590116,0.04372324602187216,0,,-0.03197605890676237
-0.7296382936251413,-0.5453038172918175,-0.8671777127671303,1,,1.188519853662168
1.5945921499014533,-0.0975429769182938,-1.7780786715561328,1,Low,-1.1150610023108387
1.452870781393734,-0.5797469588590116,0.04372324602187216,1,Low,0.03009417330163104
0.4679072702650857,-0.26975868475426446,2.7764261223888798,1,Low,5.933583346509034
0.9355877863405591,0.5224335712912005,0.04372324602187216,0,Low,0.04673295155270582
0.7796942809820679,0.21244529718645336,0.04372324602187216,1,Low,0.05607670380724475
1.2190305233559973,-0.4419743925902351,0.9546242048108746,0,Low,0.7830947261562814
-1.7712903521568772,1.0046375532319183,-0.41172723337262906,1,,0.23244611327126807
0.9639320600421029,-0.20087240161987618,-1.7780786715561328,1,Low,-1.8445908164630458
1.4883011235206638,-0.23531554318707032,0.04372324602187216,1,Low,0.029377759348087746
0.6875753914520505,-0.9930646576653411,0.9546242048108746,0,Low,1.3883718541414742
-0.43202341975893105,3.4156574629355076,-0.8671777127671303,0,,2.0072934615110487
-0.4249373513335451,-0.924178374530953,-0.8671777127671303,0,,2.0407669923945244
0.8363828283851555,-0.7864058082621764,1.865525163599877,0,Low,2.2304413671285217
1.119825565400594,-0.9930646576653411,-1.7780786715561328,0,Low,-1.5878033583618754
0.4324769281381559,0.005786447783288589,0.4991737254163734,0,Low,1.1541937870013834
1.1765141128036816,-0.7864058082621764,0.4991737254163734,0,Low,0.4242783636850688
1.2119444549306113,-0.8552920913965647,0.04372324602187216,0,Low,0.036076641200494176
-0.9493064148121061,-0.958621516098147,-0.41172723337262906,0,,0.43371830647240156
-0.8288432515805447,-0.924178374530953,0.9546242048108746,0,,-1.1517687097983251
-1.3673844519098777,-0.13198611848548794,0.9546242048108746,0,,-0.6981439527976445
-1.466589409865281,0.14355901405206511,0.4991737254163734,0,,-0.34036597136068286
-0.5524865829904924,-0.5108606757246233,0.04372324602187216,0,,-0.07914045113949127
-0.6446054725205098,-0.37308810945584686,-0.8671777127671303,1,,1.3453053112152262
-0.5524865829904924,0.14355901405206511,0.04372324602187216,0,,-0.07914045113949127
0.4679072702650857,-1.0275077992325352,-0.8671777127671303,0,Low,-1.8532714389358924
0.3687023123096823,-0.6486332419933999,-1.7780786715561328,0,Low,-4.822401130078673
-0.7225522251997554,2.692351490024431,-1.3226281921616316,0,,1.8305202741555697
-1.2114909465513866,-0.13198611848548794,0.4991737254163734,0,,-0.4120359687350645
0.8718131705120854,-0.7519626666949822,-0.41172723337262906,0,Low,-0.4722600262284743
-0.26904384597505404,-0.26975868475426446,1.865525163599877,0,,-6.9341653160355765
-0.3399045302289136,-0.6141901004262057,-0.41172723337262906,0,,1.2113382145200668
0.007312822614998386,-0.26975868475426446,0.4991737254163734,0,Low,68.16684653728751
-0.15566675116887868,-0.8897352329637588,1.410074684205376,0,,-9.058872638781505
-0.616261198818966,-0.8897352329637588,0.04372324602187216,0,,-0.0709503626210658
-0.16983888801965058,-0.8897352329637588,-0.8671777127671303,0,,5.1061849540390964
-0.7367243620505273,1.8657160924117717,-0.41172723337262906,0,,0.5588695627253034
-1.636655052074544,0.31577472188803574,-0.8671777127671303,0,,0.5298508138144746
1.3465797550129446,-0.8552920913965647,0.4991737254163734,0,Low,0.3706947298225768
1.0702230864228923,-0.8208489498293705,0.4991737254163734,1,Low,0.466415897386235
-1.4453312045891231,0.31577472188803574,1.865525163599877,0,,-1.290733961195989
-0.12732247746733483,-0.8552920913965647,0.04372324602187216,0,,-0.34343252830886467
0.3828744491604542,-0.7519626666949822,0.04372324602187216,1,Low,0.11419436364611714
-1.67917146262686,2.3823632159196837,-0.8671777127671303,0,,0.516434977855273
-0.7650686357520712,-0.7519626666949822,1.410074684205376,0,,-1.8430936117977916
1.1623419759529097,0.07467273091767684,0.4991737254163734,1,Low,0.42945143617719145
-1.7712903521568772,2.93345348099479,0.04372324602187216,1,,-0.024684543002258582
0.8647271020866995,-0.5453038172918175,-1.7780786715561328,0,Low,-2.056207218662697
-1.3957287256114215,-1.0275077992325352,-0.8671777127671303,1,,0.6213126591013146
0.8718131705120854,-0.7519626666949822,-1.3226281921616316,1,Low,-1.51708309310563
0.0569153015927001,0.7979787038287536,0.9546242048108746,0,Low,16.769769822937437
-0.7579825673266852,1.0046375532319183,-1.3226281921616316,1,,1.7449552255254384
1.5591618077745233,0.4535472881568123,-1.3226281921616316,0,Low,-0.8482889349118484
1.3465797550129446,-0.924178374530953,1.410074684205376,0,Low,1.0471449667250892
1.474128986669892,0.5913198544255888,-0.8671777127671303,1,Low,-0.5882604833117543
-1.6933435994776318,1.5557278183070244,0.4991737254163734,1,,-0.29478758678760114
0.5600261597951032,-0.0975429769182938,0.4991737254163734,0,Low,0.8913240987849836
-0.19109709329580846,1.8657160924117717,-1.3226281921616316,0,,6.921598781735427
0.14903419112271757,0.7635355622615595,0.04372324602187216,0,Low,0.2933575987934479
1.452870781393734,0.07467273091767684,-1.3226281921616316,0,Low,-0.9103487423743382
0.75843607570591,-0.16642926005268205,-1.3226281921616316,0,Low,-1.7438658258342485
1.4812150550952778,-0.6141901004262057,0.04372324602187216,1,Low,0.029518300322741782
1.112739496975208,-0.8552920913965647,-0.41172723337262906,1,Low,-0.37000891439792066
-0.6729497462220537,-0.0975429769182938,-0.8671777127671303,0,,1.2886409483695183
0.8647271020866995,-0.6486332419933999,0.04372324602187216,0,Low,0.05056247259006636
-1.7216878731791756,1.0390806947991125,1.410074684205376,0,,-0.8190119105158699
-0.9138760726851762,4.138963435846584,0.9546242048108746,0,,-1.0445996775062896
0.6875753914520505,0.384661005022424,0.04372324602187216,0,Low,0.06358955057136528
-0.616261198818966,-0.958621516098147,0.4991737254163734,0,,-0.8100166399238339
-1.140630262297527,-0.683076383560594,-0.8671777127671303,0,,0.7602685498681154
-0.8146711147297728,-0.924178374530953,0.04372324602187216,0,,-0.05367047135467534
-0.4603676934604749,0.040229589350482715,1.410074684205376,0,,-3.0629979779548124
0.46082120183969977,0.4535472881568123,0.04372324602187216,0,Low,0.09487909205653418
-0.5170562408635626,1.6246141014414126,0.4991737254163734,0,,-0.965433429286056
-1.5799665046714564,-0.4419743925902351,0.04372324602187216,0,,-0.027673702340916137
-0.2194413669973523,1.3490689689038597,0.04372324602187216,0,,-0.19925704615602988
0.751350007280524,1.1424101195006948,0.9546242048108746,0,Low,1.2705283693046774
-1.487847615141439,-0.6486332419933999,0.04372324602187216,0,,-0.02938710890013066
-0.16275281959426463,1.0390806947991125,-0.41172723337262906,1,,2.5299256483272776
-0.41785128290815915,-0.5453038172918175,0.9546242048108746,0,,-2.2846574617202187
1.1339977022513659,-0.683076383560594,0.4991737254163734,0,Low,0.44018548059713775
1.3890961655652603,0.040229589350482715,1.865525163599877,0,Low,1.3429680249390805
-0.7508964989012992,-0.6486332419933999,-0.41172723337262906,0,,0.5483215292525173
-0.35407666707968555,-0.02865669378390554,-1.7780786715561328,0,,5.02187536099229
1.1765141128036816,-0.06309983535109967,1.410074684205376,1,Low,1.1985089543512528
-0.27612991440044,-0.20087240161987618,0.04372324602187216,1,,-0.15834875987417185
1.4883011235206638,-0.5453038172918175,0.4991737254163734,1,Low,0.33539608589066816
-0.2194413669973523,-0.23531554318707032,0.04372324602187216,0,,-0.19925704615602988
-0.07771999848963312,-0.0975429769182938,0.4991737254163734,0,,-6.423545684188444
1.1481698391021378,-0.23531554318707032,1.410074684205376,0,Low,1.2280956660134676
1.0347927442959624,-0.4419743925902351,-1.3226281921616316,0,Low,-1.2781452305303789
-1.452417273014509,-1.0275077992325352,-0.41172723337262906,0,,0.2834791872930232
-1.5303640256937547,-0.13198611848548794,-1.7780786715561328,0,,1.161874077307097
0.014398891040384344,-0.8552920913965647,0.4991737254163734,1,Low,34.64345201982029
0.9851902653182607,0.005786447783288589,1.410074684205376,0,Low,1.4312569066857317
-1.1973188097006147,0.41910414658961814,0.9546242048108746,0,,-0.7973082608901684
0.8505549652359276,-0.3386449678886527,0.4991737254163734,1,Low,0.5868731323514058
0.03565709631654222,-0.23531554318707032,-0.41172723337262906,1,Low,-11.543615149340654
-0.38242094078122935,2.072374941814936,-0.8671777127671303,0,,2.2676592646527536
0.3687023123096823,0.9013081285303359,0.4991737254163734,1,Low,1.3538298254524146
1.119825565400594,1.4868415351726363,0.4991737254163734,1,Low,0.4457562706876577
1.4103543708414183,0.6946492791271712,-0.8671777127671303,0,Low,-0.6148607627189101
-1.7075157363284037,-0.924178374530953,-1.7780786715561328,0,,1.0413310091592898
0.4324769281381559,-0.8897352329637588,1.410074684205376,0,Low,3.260386828974711
0.248239149078121,-0.26975868475426446,-1.3226281921616316,0,Low,-5.327825682679043
-0.06354786163886121,-0.7519626666949822,0.04372324602187216,0,,-0.6881447517133629
0.00022675418961242642,-0.37308810945584686,-0.41172723337262906,1,Low,-1739.0494083616372
0.8080385546836117,-0.5108606757246233,0.4991737254163734,1,Low,0.6177521419016991
-1.7429460784553334,-0.23531554318707032,-0.41172723337262906,1,,0.23622623827806688
-0.9351342779613342,0.384661005022424,0.04372324602187216,1,,-0.04675661519257448
0.26949735435427885,0.2468884387536475,0.04372324602187216,1,Low,0.16223396250773955
0.8718131705120854,-0.26975868475426446,0.4991737254163734,0,Low,0.5725630406486814
-1.317781972932176,0.7290924206943653,-0.8671777127671303,0,,0.658063557716721
-0.7438104304759132,-0.4764175341574292,0.04372324602187216,0,,-0.05878357181629523
-0.19109709329580846,1.3146258273366656,0.04372324602187216,0,,-0.22881318286728705
-0.08480606691501909,-0.958621516098147,-0.41172723337262906,0,,4.8554991799944425
-0.5241423092889486,2.1412612249493246,-0.41172723337262906,0,,0.7855406470385099
0.11360384899578777,0.040229589350482715,-0.41172723337262906,1,Low,-3.6239176562700015
0.6379729124743487,-0.5453038172918175,-0.41172723337262906,0,Low,-0.6453577757683021
