player_id,total_playtime_hours,last_login_days_ago,in_app_purchases,churn_status
0c8057ef-37a9-4a24-b07c-75a4b4b8c381,103,41,3,0
cd02ceb9-1ff7-4892-af01-d5757ebf652e,436,14,6,0
73952508-2964-4d54-a537-b16c24b0b2cf,349,53,8,0
ef682802-a1e2-428f-bf13-56ed898efeb3,271,25,5,0
515a3bba-12b4-4e9a-8d76-29bf0268a0b0,107,1,4,1
cd8a0964-3e3e-44dd-8a77-89c6766ba597,72,1,6,0
16232f5d-1995-4df1-83a0-0fb3fec2d6f7,189,4,10,0
a9b34063-cd96-47c6-a8e6-edd51dee2d88,21,0,4,0
281364c3-91dc-46ff-977d-1a6fcd2ea4e8,103,2,4,0
d1d687e4-0b71-4127-81b4-4d2328af5e0f,122,35,3,1
5bd402a3-0a59-4315-9188-5392d3e455c0,467,22,5,1
8f6376c8-2421-4678-bbe2-122773ef21a8,215,41,2,0
d1ad5562-ca52-411c-9cee-a304b01f455b,331,73,8,1
28779487-d73b-4966-aee5-5fe6e9378d88,459,26,6,0
d7c9c42b-725b-4933-830f-3c8f2d0fbb89,88,38,6,0
cef0c308-e24c-4252-97e4-6e6732b90a52,373,42,4,1
96674429-aed1-4bf7-a64a-1ccaec7b4734,100,14,6,1
5e172399-f67c-445e-81d8-0d6892fcfff3,360,8,3,0
56dd8789-dd2c-4296-9fa2-d3b996f9c4c1,152,6,4,1
260ebecb-d692-42c7-99c2-67faf4017c99,131,8,4,1
a06ccfaf-a094-4999-8efe-ac8b6a3cc697,150,9,5,1
2f8543df-6ea2-4da5-b629-8c0540905f90,309,6,2,1
9a0d5fca-f68d-41ca-b973-84489bb417da,258,63,3,1
75cc848c-e8af-4cf7-9126-2dca7fed472b,344,42,7,0
bba65667-1c12-494b-bf52-27a5fbd8657a,492,1,8,1
465f95dd-c5fc-42df-adee-2a25945e1c63,414,9,5,0
2edf07dc-58c8-4a87-81ea-e3d060bc515d,294,0,1,1
a7a3f01e-7a49-401f-aa39-153836d9bb01,386,20,7,0
a35cbfea-7cd8-4411-9784-7f2536ba7f28,192,19,7,0
9a975a9b-db1f-46f4-b8c7-d48705ce535b,444,53,3,0
4c9502f3-9763-4216-befe-f881c5e80dd8,277,11,7,0
70d2db49-148d-45b9-b990-80e6d878bb26,161,50,2,0
d7c20de0-b191-4f24-8855-fbd59169c9bf,460,103,4,1
e7cf20b7-65bd-48f0-9070-afb213f35c4c,314,2,5,1
5c0401eb-850f-4904-bfb1-b29cea660c6c,22,47,6,0
1f6225c3-4ff4-4538-bf5f-0d902605b3e5,253,26,3,1
78e4d813-667d-4fb1-97f6-581ac3916c71,236,19,8,1
9781dbb5-3a07-40e0-84cd-110b49c462b7,345,16,4,0
32bf7411-6244-4b2f-a144-4f43650167d0,49,46,7,0
087e24b2-107d-4c76-8779-6b1bdcf8aed9,475,30,2,1
32b6f54e-8afd-4119-b34e-800a5ac370c5,59,49,5,0
32727415-cb0d-4027-9e77-bc9f53712c17,170,70,7,1
a683bec9-f080-493e-b0d1-1c41422e0a43,476,28,5,1
f632d474-6825-4430-aebb-9cb60c543bad,188,118,3,1
d9be8f81-e2b9-44d8-84ae-498063a87172,464,28,7,0
8d09430f-ef91-47fb-aba5-673224b8869e,271,30,4,0
d3973061-3b46-4ec2-9f82-08d3e9f9b1d1,190,24,4,0
23e78f66-26cc-46bb-affc-cd383a876910,446,2,3,0
cf736e2c-3445-4f2b-b2ce-a6a4ff6fff3a,175,38,8,0
36e30299-f52b-46cf-a9bd-89cbf425a8ba,446,23,5,0
c22daf4b-e1f3-4a84-a7ad-c3994f1a1c74,51,17,3,0
7d9a7716-f985-4b11-b452-909271e9506d,364,72,5,1
fe50593b-a2b2-491d-8139-b468f035fa43,55,10,3,0
c15495a8-0a89-4ad8-896d-81abf5b23229,244,22,4,0
45590d1c-54da-43d9-b4ef-00b12ba5a927,320,35,2,0
d147ef6d-c75c-47e8-8d88-832c9aa87560,131,47,4,0
73228d59-28cf-496e-a330-7776b88e5acb,485,18,3,0
8b8ce4f5-fac1-4937-8bd1-c6a60ea9bb0a,307,55,7,0
cc3258de-8e67-430a-810a-bffd0eb25bf5,135,43,4,0
8e111da6-a72b-4fd1-ab2d-4a48e3ac8afa,21,2,5,0
67745ec8-84d7-4c99-98c2-7d37f0e20b10,329,1,4,0
cf493f11-51ad-47d9-b7db-2503d1670ed4,167,29,5,1
eeb20ef5-3e90-4b32-a275-a43cdc1d7945,274,12,4,1
8d1fe36e-5545-47d8-aee8-6d33e558bc25,388,7,6,1
754453ac-e42c-47c1-839a-62706d90ea30,89,26,9,1
e06dd161-b2a0-4581-a471-7b1567394f42,316,12,3,1
713efddc-2582-40e4-a7d3-030a495a7b0c,14,23,8,1
4577a82f-fbe9-4c04-9057-d12e72ed21af,242,18,5,0
22dbbfc8-758f-445a-b645-75f6d76d0eb7,265,26,1,0
944d6e9b-0297-4106-8682-a4dda729a76e,346,15,3,0
1e6c7163-6882-49ca-9a1b-59e3c7fd6109,53,35,5,0
96ed04de-0917-4936-bc79-0b82379ea1f9,386,5,4,0
a473ecfe-2ed3-4d45-920c-b004c25daf0e,340,35,6,0
5750c563-7804-419e-b5d2-3ea0a842ac5d,92,15,5,1
7d970b3e-c1da-4e41-be45-b8f00286ae8b,367,62,5,1
a78ceb66-c557-4d80-bcba-302684040e97,444,21,4,0
45f8102f-2d83-462b-8270-f6910421f64e,455,108,9,0
a1b1ab73-5329-43e1-9462-f93e87ff427d,428,27,6,1
d11e20c1-94fe-47c4-8d95-0e441985b5f4,264,7,7,0
a0790093-6f00-4141-a429-bb189623170b,431,51,3,1
48399b83-db23-4dc5-8b03-429549524010,35,12,2,0
e18b24de-5ac9-4dcc-8b42-bf379923aeba,206,12,3,0
a487ab23-6b00-49cf-92fc-3ae977a6cd7c,81,0,2,0
d14d8975-d7ce-4bb5-8c96-f6469733878d,420,23,7,1
de08dee0-f529-4519-8b49-0d3086a36a8a,50,22,2,0
dc2b4987-3344-4387-a8d3-0d0f7dfd2e39,360,13,5,0
7edce29c-0c1a-455c-b44d-e91110f9b246,388,67,5,0
ef84aa3c-6732-45f5-92bb-a04c4a85d3df,2,4,7,0
0ecacde3-c73d-4b70-ab51-d04fe85beaff,390,12,5,1
c0a7f856-f0d8-4757-9d6d-833a1a9346ba,54,11,6,1
dcedcd5c-2e68-49f9-a0c5-46d9f895a0b2,106,2,7,0
d0089ac9-181f-4c76-bb84-a01763edcbd0,260,19,3,0
7e318232-eef3-4266-a000-54244963cfee,310,34,6,0
ed0909f1-5e18-4909-a321-0607c643dcec,477,21,8,0
57871a5c-6ef0-4755-b914-3427f59aa2d4,191,5,3,1
a028cc29-9348-447a-a5b1-f88f8c1f9d5d,402,14,6,0
bb1853e8-4768-463b-b8a6-9eb4f812688d,218,0,5,0
6bf91cff-d07b-4e9b-b6c1-ebd74dc8f86a,44,60,3,0
6e0222e4-ce9c-49ec-860a-fcbedad18f20,162,2,4,1
70c444b5-77b2-4c44-a10a-ab97b1f8b6c3,202,27,6,1
fcf4564b-868e-4b9e-ad90-ced5a94e9e09,446,128,6,1
1aff76de-a4f1-493d-a41a-d3203173d6c8,484,23,7,0
6f077457-b6e3-478c-ba50-f84c557fe7ec,270,77,6,0
9f1b09f3-4ca2-4439-8dc6-bc326fbe9a68,351,8,5,1
16d459e4-f161-4d14-ae59-bfa5b6223651,304,42,2,0
5ff7b310-88f8-4723-bec6-6b80663a4e64,271,22,5,0
ec21ba6e-8f66-4c31-bbb0-443395dc216a,456,38,9,0
64915fd8-804d-424c-a7c4-a5eb46c3ec0a,462,1,3,1
6b63b221-ff00-4287-bbdc-1ccc0d3d6d5e,215,4,9,0
d20619b9-01ae-4301-bff3-41d3b07ee439,252,4,2,0
fdeb3054-0174-4d20-9840-cb8b623dcfc8,190,34,1,0
90c0faab-7742-45b0-aa4a-5824f6f00669,296,55,4,0
a6bc99c6-738e-412b-aadc-257c703cf707,213,41,3,0
110fd58c-df98-4a85-856d-7f3fa0a00e0b,208,0,4,1
7c3890e3-6566-4cd7-b436-6bf61544bf1c,237,60,5,1
6bb23c97-7bfc-4835-8d55-a45bf72cbb84,338,13,1,0
7bdb9aae-4e1a-4ea8-b7e0-3a6b2cf6f53e,367,15,3,1
1b93ef95-f14e-41dd-bb1b-d5c6bb8f9c6f,53,3,5,1
d6150a04-cb45-4316-a886-b323bcb97eb7,280,40,3,0
cbc85e59-a493-48a6-a067-5a30537ac6f6,410,6,12,0
c837ff7a-3e8b-4818-9edd-2f5bc004d1f7,217,24,2,1
a6b90ae3-7f77-41bc-8d8b-79822ec6aa7f,252,55,3,0
de38f054-5200-4297-a64a-a775eba9331f,188,2,4,0
68fdc542-ee15-4278-979e-f3edaf810883,380,22,9,1
a7001c37-0ef3-44cf-b79f-36f9d0b9378c,493,7,5,0
2a516627-129a-4dae-bf5c-689e3428c027,41,12,3,0
8738e0f0-7849-44a7-a3a5-863ecbf347c7,157,19,3,0
164bb85e-6e80-4bac-b593-3a2e86868eb4,15,13,4,0
a63c4d8a-f255-4258-931c-542e5c036281,301,31,4,1
7adb6b85-da9f-4831-8157-3cc483f9a610,65,19,7,0
4be409b7-f985-4054-bda2-77f5e85e9d2e,345,26,6,0
39cc1400-224e-43df-a93b-6d223323283d,327,40,3,0
10b6f989-c315-42cd-b8cb-0baab4dd61c1,9,24,6,0
6a69a765-0eb7-4c7f-afb3-e8a031eabb45,344,26,6,0
23aa3e77-35e0-4cb4-8812-1cb05edec2c2,129,24,4,0
24377e86-688e-4928-93fc-0bbba1b36ace,492,14,7,1
dbc44b73-8dd7-4fd2-94a9-3b7a052260d1,136,12,4,0
9eed8c5f-1190-412f-8175-c8453eb80fa7,472,68,7,0
f53af75f-8202-4901-b93b-cbab2513c4de,63,28,3,0
98585e04-711a-4d08-9e40-da85e887bee2,139,8,4,0
e4b4efbb-c818-4eb3-9741-bcbfc9d86732,499,20,7,0
34f5b5e5-31a5-4574-8592-ecacf78aa58f,81,12,8,0
defd4057-1c22-4cbd-855c-1768991a1511,392,81,2,1
d1b23e3a-464e-4c7c-8312-8e0be32429a9,163,0,9,0
0391223c-434c-420b-ae42-4bbdb0ec0041,419,7,6,0
90c4d84c-cfd9-4d2c-92a2-7859d906d1f9,289,13,4,0
cace7dbd-9836-4722-9838-2c018c1bd663,379,20,7,1
6274564c-0891-4160-ab97-ca5cba5b93c9,261,57,2,0
30f072ad-22c2-4691-b251-ac1fd19e6694,490,2,2,0
d8e33486-d7d3-4462-908a-15d36086440a,231,49,3,0
b4470cb2-85b1-4d44-b635-3969244d9343,41,1,5,0
a392af19-b70c-4af1-8a8d-a512fb5ee4be,28,55,7,0
818ac876-1233-460c-9da7-81fd6cfd77b6,135,1,4,1
ce71131a-7537-457d-be4f-9d7467561f22,201,0,4,0
fc737331-3c27-42f8-af28-7035ff62114e,328,35,5,0
5d60263b-98c5-43d1-9fef-13589c6bab0a,268,176,5,0
603cc41c-79fd-4d5c-bd98-29e06e42d058,418,68,4,0
a8f620d1-427c-4e1c-8019-3105cb98f004,33,25,5,0
1b3eae14-e889-4abc-8c52-31d3763b13f8,48,74,6,0
497d1e04-b387-4e9b-bded-45f49d5b255a,407,0,5,0
af33181a-ed9a-4eec-99b7-89a7d91849bd,62,110,7,0
46279649-c345-454a-a41f-cc2bee03eb97,216,20,8,0
19cd0bd7-79de-4ff9-a615-2c52b348038e,293,38,4,0
5794eb4e-e43b-4caf-ae5d-beee594a767b,99,51,5,1
caf3ffbf-0bfc-47e9-98a3-ad33b2d3b63f,172,38,6,0
3580999a-509b-441e-b75b-80e51aca9ee7,360,22,9,0
538bfc85-dc36-40d7-8c6d-2539c784d57f,214,19,6,1
61f7174f-e459-4df9-94cd-e6bf6f56c5e1,475,54,0,0
f3265d63-7c89-4434-a7e3-a05c18c00359,35,6,4,1
d8682d95-09ce-4c9e-8ea1-8834f5eb8d5e,449,103,2,1
6dbaca14-7760-45f2-a2b3-f314bffe1bf4,227,37,6,1
8bc3122a-454d-4be4-867a-8130143cdef2,101,6,9,1
4cbbd18b-1925-4cea-b4c4-6b1a356339b3,431,39,0,0
979e1a14-5c5d-4c41-9f06-0e4f8f43774c,462,22,3,0
a1859d74-da0f-4e24-adf5-395d1af1469d,131,36,0,0
8bc54f9c-21b2-4c49-a653-5e6b9d8fce24,257,43,8,0
81638b74-e0fb-4a4f-b27b-f58bffbf4f5c,5,2,2,0
b2d62d69-3435-4cac-a8cc-62863688b449,218,21,4,1
f0ee78ef-5ab5-4904-8d2b-b35f8295ba4f,255,80,4,0
5cd9adda-0d91-4581-8c55-46254aa43506,398,11,5,1
ea11789c-bacd-4c09-a0e7-07232f3e20f4,359,27,4,1
c4b75170-e450-4b0f-9125-8aeaef3280b4,283,13,3,1
e64d4f7a-5a73-4193-bbd9-c4e424695f06,393,18,2,1
aba54876-3b2e-4e8e-9376-286e2dce5fff,207,23,8,1
22eb8966-b3d0-47e6-8538-30581e7a24b6,15,23,4,1
d0e0514e-0a3f-405c-b689-aaffe3277db2,346,6,5,0
764cb036-5b73-4bcd-a2e7-bc48a64afe55,42,34,5,0
0a8489e6-9e28-423a-8738-167f1a3031d0,380,2,7,1
54150ce2-0fab-4191-9c86-d5cdc7841724,461,4,5,1
b9eb4a36-9bd2-46f2-97b6-baeac637e50b,179,0,8,0
b760e9d6-668c-42e0-88e3-e00929d29ec9,63,3,5,0
fbd30215-77c7-4ea1-a184-dec6006c9e4c,352,19,4,0
f6a155d2-20a2-417f-b366-880c20fc7048,231,27,6,0
8516ba04-412b-47a2-9c66-ecce38544110,241,47,5,1
e024e0a0-4e55-49ae-8ae7-d3ada61c6bdf,52,3,1,1
c5633be1-c33b-4580-b589-2dde8bbc7b28,96,57,7,0
6602c061-5f46-4ebb-9115-6d58ce61aca1,388,41,4,0
8b2787c0-a737-435f-9420-9c8626983dc8,222,15,4,0
6e99cde4-3493-4341-bcb8-293cedef7bc9,485,81,4,0
7ed65e19-c16a-4f4e-b91e-aeae17ada458,407,141,6,0
11ae03c9-8ebe-4c8e-80ca-5b2f54206a1b,231,6,6,0
0db168c3-288b-4cd5-b8d3-f723ee715cd5,237,14,4,0
3ce405c4-1221-4efe-9bb6-44fe96b53a05,143,78,5,0
62e3889e-076f-4d93-ba52-d03f880087e5,171,38,4,0
1cc8d3d8-44fc-485f-a470-e28c3290719f,29,1,4,0
b0fd1b4d-268c-4dab-934b-b3386109c552,36,45,8,0
e369f408-c1e7-4d27-a0b6-0cc7e3bd25ee,13,52,4,0
9b350e03-a78b-4530-9a77-5c0d5750c33a,160,41,7,0
bfb73586-f95c-4674-8ce1-c092227064be,327,48,7,1
b8425dc9-3bba-4c0d-b596-ea111405366d,187,52,9,1
a5c18bca-7097-4206-ac2c-ccc5175d9c3c,243,6,6,1
78134529-b367-406a-95cc-d65d4c8d117b,86,8,5,1
b2041319-5475-48f6-b21f-15892c195cf8,284,30,10,0
d04fee9d-f48f-47bb-9e63-73f1e69b24c0,66,71,8,0
7246bae6-6d01-40c5-b43c-e24c64ccf766,170,11,5,0
26358d5c-efeb-41f9-8257-2a8f1ebcb5e9,45,26,6,1
fe08dc7f-ddca-4de3-b4f8-65db24d0eab1,62,34,1,1
a4c89bcd-83f5-458a-9ab7-933785f5378d,441,18,10,0
3f901ec1-6a7d-46fa-a8f7-6d24592f1577,134,37,10,0
dfbf7a6c-717d-4ce6-abe3-d73bbec6e42b,284,68,3,0
faf1fb38-7409-4997-9d4f-151799ea6281,28,29,6,1
9eb9dfd6-d9b3-4352-be96-3e67af9331bb,108,23,8,0
04fd3e2b-e0cb-48c1-bbe1-1b02f0dae4b3,44,17,1,0
73eb0678-c7de-49a9-bc87-0c044ca2ab57,340,25,7,0
da4fdda8-bfe8-43be-a918-e675bd3b9c78,286,13,6,0
cf781601-70bd-4d08-9412-7e03f7806ef3,446,14,5,1
1349b61f-c77a-4d2d-aef8-116ffc2f4265,331,22,5,0
161455f4-17dd-4d7f-9935-6f1e57b2411a,128,2,8,1
fcfb79b3-a73a-4365-a017-98c31635eea0,348,7,2,0
ff7de19f-8fd1-4183-a0ff-05daac9009e5,473,23,5,1
628c2ac9-5f16-4392-97f0-f938db1ca4b9,231,16,5,1
e9ee791f-f55a-4841-ae33-100103bd9002,190,12,3,0
c7a89018-d12d-4dce-9f81-85a0464a242b,225,39,5,0
874f04b2-cc59-493c-9680-19cd71b9b2e8,385,35,4,0
d36c37b0-b137-431b-8c19-32532614a7e0,377,5,3,0
de03fd44-2ef1-4a6e-82a0-7f48155378c8,283,63,8,1
fe79ec5c-7451-4737-92a3-6e8b6dc60e62,446,20,4,0
1574d32f-4e63-42de-abee-387e04850908,121,40,4,1
95d74740-531c-451b-8e36-d498a01ca40f,116,25,2,0
a7da4522-f488-4cd8-b16f-65f7f6ed3091,461,182,5,0
6f5a2494-8f4c-4834-8aec-ea17233f2644,233,41,6,0
84e87634-7ad2-4427-943d-cc366885c46a,259,36,4,0
ff7d5527-3e73-49f6-85f6-1403514894c7,359,45,4,0
4f1a01e7-7d83-4f6b-b844-395caff598b4,198,4,1,1
1d10840e-3ed8-42d0-9666-05ffa0c6de0d,456,6,3,0
54adde6f-29a1-4a70-b862-d4daa50819de,411,37,5,1
fa4c2b7b-eb69-4f2c-90b6-0dda2a61efa2,137,20,4,0
2d8dc326-b7b1-4b0e-b20d-e6b8af7eab15,318,42,5,0
6762ca11-7694-421b-8aef-6ccfb00800fe,165,3,7,1
374f618f-9c49-4af1-bd4a-2dcb2a02d5bb,225,23,8,1
59624ae4-21ed-4ced-a861-93c4fa3105a3,307,14,4,0
f4054fc2-96c7-4280-8ac9-30dd3c676e3c,234,18,6,1
84b38f99-9c2b-4fed-be18-c431715761e7,172,27,2,0
dc786ff3-41ee-4ada-aee0-6ed0c81491eb,152,20,7,0
71141ce9-e73a-4c3c-951b-b2319d054818,463,23,3,0
af71118b-3e47-41d8-8e65-40615cb02594,315,19,9,1
e7815bf0-e4f3-41ab-97aa-6aa047c2af81,374,15,3,0
e7857e78-5b59-4104-94ce-8a52d5a3d7af,160,44,5,0
52ab0a01-10dd-4dd3-b065-eaf4fcffa944,96,0,3,0
51283d4a-7cf6-4f9a-a853-42e35d388f75,472,27,7,0
50faef39-9f18-48c1-b449-15b5f1022432,233,25,3,0
7ffae5a0-8b2d-485e-abad-4c455c97caed,180,37,6,0
848d7b36-6c84-4560-b832-a0b976736f90,113,27,6,0
c9c077d6-669b-4e43-8fac-725a6c325d6b,318,52,3,0
7ebc1e1e-aa0a-4a70-b178-f7ef9bc559bc,497,95,2,0
26e575ff-81a5-45d7-9343-2dc6274cb1e7,442,12,4,0
0902d301-7274-4153-baa0-eafc8fe8f683,52,7,8,0
b536cfd8-3df7-464a-9e9c-edb4a1eceb6e,268,16,5,0
088ebb45-17ea-4bea-b51a-8711a3c88cf9,295,10,10,1
859d852e-d252-422b-96cb-1628d4b2a210,386,28,4,0
2bbc4314-68cf-4b42-a4ed-98e4488c59f7,387,72,1,0
b8b216e2-38dc-42f4-80b7-104d74688517,113,4,4,0
5b11d84e-38e3-498c-8ca2-5b75215c800d,101,3,7,1
bc95d559-8267-4b9c-aa19-fa19665039b8,113,8,7,1
c9b5850c-0f77-4beb-af91-c2f91e814b72,440,38,6,0
c51e22ef-4206-4f31-a843-2b7d5244dadc,81,26,7,0
2e506e08-434b-462a-a173-7af17d2182b4,187,3,7,0
1bf71051-7423-4d23-adbf-adc39020b33c,113,75,2,0
ffd5db48-6676-43c1-9061-92a4ec70746d,2,46,2,0
ae19afe1-e333-406f-8861-8e1c82de56c8,130,0,9,0
d30c8823-9606-4838-ac43-ec3790101267,220,31,1,1
79bd9b21-d219-4524-b880-aba91cb6a8fa,54,44,5,0
91db6bd2-bb91-4624-9386-bddc6d1067a1,343,14,7,0
5703bbb6-c660-49fa-bd1b-72b335f9c48a,485,2,3,0
de90267e-6094-4e5f-bbe4-f0575a837fc7,224,2,8,0
a20b359f-6952-4a80-9882-26400a12004a,225,3,6,0
d22829ce-a1cc-4a14-a11c-c86a6606d023,385,55,7,0
bd2bf115-d8a3-40f2-b7b2-251d90fc2a4d,403,72,5,0
e3423b36-4d3e-47f9-82c8-6ca139eaeb3b,126,3,3,0
7373a5a0-52db-467b-ba98-cc4af1e90e9c,130,8,9,0
0ab2f051-8d37-4822-af88-902ecd360d7a,53,5,5,0
f876370d-af87-438f-8f0f-0099ffe4580e,172,6,8,0
0f1de3d9-7314-4d09-acf9-7d7f396d3fda,218,54,12,0
70c29654-2f8b-419b-b166-29569d2f8d64,160,12,5,0
c9976ccc-be4f-48a9-8e57-5b1a31eabd4d,198,11,6,0
4487b2e0-d2a5-4e15-8070-b0e77ca60ebf,416,7,2,0
d2416f6d-6e5a-4cc0-ad0c-44ead223251a,247,28,2,0
f8425979-8aa9-40cd-a291-4a8d28afe463,324,14,8,0
89d2f251-9dbe-4395-abeb-7dba6cc6ecd7,439,40,3,0
60cda1c7-26fc-46a5-b0b7-f570c02bae9a,203,6,5,0
1a563a3c-6771-4bd8-8e09-8ee56cec0520,184,46,3,1
ab3b4ce9-ecca-4e4f-b3c5-67330016ef12,123,27,5,0
bb24b5d5-1611-48c7-b5d4-01733225d28c,401,3,3,0
4e4da6e0-9140-4290-8d08-ee1627e1f413,255,16,4,0
d5891f4b-a8c3-497d-99ed-e280baf2e94b,294,59,5,0
260a0f91-4ee6-4caf-a1b8-2a9b320e164f,280,76,6,1
72a3a7ba-7c13-4e00-a22c-ce352ffe575d,325,18,6,0
9123f369-352e-4f49-9907-8dce302b124e,372,19,8,1
b18e9a23-57e0-4378-a3c9-53caa9181b2a,98,75,7,0
42cd54df-abf2-458a-9ea1-ca1e5c69d957,198,26,6,0
c69e9cf6-da55-4467-87f4-3cadcd9ceb79,470,1,8,1
e98cc876-6ff4-4b20-8040-9f12239bf849,395,73,9,0
14d137fd-4901-42de-aff1-dce4304f9861,240,8,6,0
5feebace-46d6-4a9a-858f-4675a3697298,144,25,7,0
5f44d4e5-414b-422f-9cef-d06f26917b2f,97,5,8,0
2f55259a-15dc-4c78-87da-2daf31e06e12,201,1,2,0
e8713aec-0cd3-4316-8174-6ff6fb52f946,124,11,3,0
b134b32b-34ee-4095-a069-1c59b4ff860e,187,45,2,0
93564e8d-a9b8-4aab-8b03-f112a9cab3f7,326,9,4,1
37998604-1882-4ee9-ac31-67dd31280c03,464,7,7,1
b788fe8c-f7c4-4b5f-a6bf-0408830be83e,349,7,7,0
305436a7-01b7-4268-9ddb-4b9849bc9ece,259,21,9,0
bef498de-9ec3-4605-b7ed-5a6132a27b66,148,111,6,0
129cbd46-0937-4815-b9a6-c5592cc747a3,252,18,2,0
7903be10-1cda-48bf-8a5b-b6e37e618510,443,24,4,1
1395a91c-80d1-4555-9e8e-97854c5d398e,420,59,9,0
1112aa67-4abc-42db-b788-d7c84b1c8881,403,22,3,0
d1aefb9a-6fa1-4efe-9a36-c7678c01c308,346,6,3,1
73501bc0-9e76-4741-828b-5cb9989d2d92,451,10,9,1
a9208234-5eaf-4f51-a882-65bfbed212ae,147,11,3,0
66a5d018-3bfd-4e00-9f2c-6c14537c9019,148,15,7,0
206772cd-91c3-49ae-ada0-5545b5d2c71f,352,16,7,0
2eb8472e-bb04-41ff-b6f7-87756c4e76fd,199,48,3,1
0c3861cf-dd8e-4711-a051-4e7cc12273ff,308,12,4,0
334319b6-be2d-4e4d-88f4-a8cbf908b8ed,489,18,1,0
fa9f3185-ed3d-4ecd-a8a7-d247ebc0af9d,417,29,3,0
3bb8ec78-0805-436a-a811-af7a6bd445fc,424,14,5,0
b708f952-5d4d-4b94-b97a-5e2a6a0cff7c,128,54,5,0
ab565d76-e63c-4abc-8af9-815b861a6d86,39,26,6,1
bdd36a5d-8e74-48b6-8110-e4af1edb8412,338,10,1,1
2d4b6901-efe3-4060-aae6-dbd277ca050c,360,37,6,1
df71da78-6822-41a0-bc6f-1cc899028349,129,22,6,0
8e1ba48a-7526-4fc6-9bfa-89abbcea2c2b,267,22,1,1
221704d5-bb11-47e3-a273-216ad6a4821c,476,19,3,1
a7a7d222-95d5-4b50-aa3d-b4e14fef9e35,441,20,6,0
dc1297b5-c6b1-4425-a689-99de63e85aaa,473,43,8,0
6de88aef-5725-4a7b-99df-59db904533a5,434,3,8,0
914a9717-f2f1-4871-b7cf-267d5c13f65b,151,12,8,1
fbd39cfe-e9ef-4e9f-8039-d90b23aea9d2,415,2,8,0
16359a8e-a724-4437-9e86-10d0941d536d,478,41,2,1
a2d031e9-bf5d-44ee-ad60-d5b54d3f5683,298,9,6,0
933743ce-6f80-4c55-b413-6919b5392dd6,99,68,4,0
062613ac-a08b-4a1a-86ec-6732b3f54dc8,263,22,8,0
c9bc50fe-85f5-4d0d-b70f-3b5c954f57bd,252,48,11,0
985c4de8-977e-4917-894b-d647d2897902,144,115,2,0
577dd006-4410-48f7-9694-fbd52fec048f,346,54,5,1
7adcc348-e37d-4f33-8d39-e3848ec24f6a,112,60,10,0
7a76165e-0c62-46ef-b7c9-e94d2b18e3a3,60,15,4,0
002cd5bc-7c66-4100-9222-0c077d4d8c11,369,24,8,0
44efbe8d-e023-47ce-8c24-106e122f5718,2,8,4,0
87d799c3-df69-405c-9f2c-7dbbb0a10dfd,385,6,3,0
23c2fcfc-c224-48d0-ad9d-ea2e599069ea,304,21,6,0
d9173810-f06f-4da8-9ffa-c3c73384e9a8,254,27,7,1
2e492b47-2e42-4565-a018-83eb6326aa76,140,12,4,0
0713f01e-c722-431c-bf55-a44f46370b57,453,25,7,0
fc8d655b-a284-4604-98dd-c106aab7472f,37,65,4,0
a3de65c5-5979-4fef-9b4b-de753e613d00,160,24,3,0
a26ddb02-8e14-4a02-9f38-ffa5bffccff1,9,38,4,1
9256b29d-8db8-4ab7-a4ac-8fc30a1b85ca,233,49,6,0
2bbfc78e-97aa-4ead-a8d8-a3e4e5486c3e,99,134,6,1
6cae2103-7738-4e00-aff2-a11807f3798b,147,27,8,0
210e8fe2-575a-40ca-87cb-e3072c0245d9,304,49,7,0
72946c4f-3344-4e20-aa8f-72a4a29531ce,208,98,2,1
beed4814-85c7-4077-b854-814ca06c14b4,131,86,6,0
7ff0527d-747a-46e3-a95c-e5c2709ed7a8,404,4,4,0
d8b6dd90-a0ec-412b-abb5-9b7d0b20773b,152,15,2,0
181d7614-fee8-479a-a69b-1665e780105a,54,11,9,1
644af8b1-d675-4386-a2c8-e103de939f2b,120,2,5,0
560403b0-0825-4231-8d81-b8956b57b046,161,30,3,0
5eb7cf24-3864-41f2-b8fb-8e24dea855ab,408,39,2,0
0f7a0156-eaca-4f47-9fd0-128e144cbcfa,116,56,6,0
3f0e1724-054d-4365-a152-73c75999f650,75,3,3,1
94bf7ddb-e1a7-48ff-ae8a-fc7a24dca839,113,62,6,0
fc3843d0-7b8b-41f0-b2f7-f5c423540a96,456,30,5,0
daf53c28-c6fd-4901-9a69-5b502f7bd69e,420,36,2,1
9f394e6b-40d4-4801-9bdb-62d1545faebe,422,72,7,0
4ca346d8-5e2e-4e42-927e-b6c7ace6e68d,104,29,6,0
85cc48cd-855c-451d-a3b5-b759c0096212,340,12,5,0
0fc998df-4b78-413a-b3e9-89efaa40a59d,254,52,8,0
541338c1-9c8f-4153-9b5a-4c7d17ac9055,227,13,3,0
b191a44c-9dd6-4cc1-8b7d-5dcf3ad7707e,112,1,5,0
a8ffd11b-95c1-4474-9111-99ebe886e727,473,53,5,0
6e84e8fc-39eb-4839-a6e8-c4a0143448b2,99,12,4,0
03bf765d-04e9-415c-b15a-495742d07881,153,44,3,0
c82eb01e-f06e-44d1-be41-23f05353a723,349,13,3,0
2a39cbe6-138b-4562-81ab-2a6d5172af26,402,59,5,0
dce2f023-3fbc-45e7-a399-d7fe63f25408,384,7,5,1
8b3c1785-f4f1-4021-8d5c-494613d64d42,366,110,6,0
5928bcbf-8d7e-42ce-9e64-b2cd3ace8f16,338,45,6,0
f2e5285b-1191-4771-be88-20a139c1fbc3,194,3,6,0
3cc96afb-41f7-4d08-9d36-71592a16f789,310,25,6,1
a5330048-8d5d-4977-9639-1fa71b512012,163,126,7,1
cd2a541b-cb0c-4086-8768-b3288aaa36a4,208,19,2,0
1620cfa9-a505-4db6-ba02-678a17bfb39e,445,6,5,0
c4419374-63f4-4755-bae4-582b1a278f3d,169,19,3,0
c55eb36a-a1eb-495e-9499-c7f3adaf022b,484,21,1,0
7c85833f-12b4-4db9-b28f-0696be367c5b,161,40,8,0
4deb14f2-dfa2-4714-93ba-e80f515d624d,68,36,0,1
9f31bbc7-b67e-45cf-8ac9-fdfd14d7b47a,289,15,4,0
68c3ab32-f221-4b9b-9ace-719b2e1bfaf2,398,7,3,0
1972abe9-dd98-49e8-bc03-a04041e04dd5,277,31,3,0
2524b00c-602c-4e56-af58-c533985537fc,304,16,2,0
e4cab54b-bea1-4f79-b98e-161b730c48df,404,4,3,1
49930cfc-6f22-41bb-a685-89242b7b28ad,384,69,8,1
17a7f676-7f5e-45c8-9c80-626c2d7de89f,392,35,6,0
1bff909c-f92d-4a35-b143-d69375fca44b,135,34,4,0
b1609369-bfe6-4945-9eec-d63e376bb32e,195,51,6,0
57a70728-7edd-4f2e-a077-cad8920c296d,401,22,5,0
61c33283-b78b-41a4-b45c-522eb4947b3f,128,50,1,0
3358a5c6-cf9e-46e1-bbab-a5eb17108d65,33,20,3,0
49be59af-a633-45c1-831c-b782a3b2aa99,176,2,3,1
80675b67-d63a-4bf7-8f32-030e6f3b495f,460,15,3,0
8fb215be-f833-49dd-827a-c415fdb89775,443,20,9,1
f168ae91-b6d0-448c-99fa-c3dd6a63abf6,371,38,2,0
87e7a02b-3a5e-4d74-8857-189a2e428b10,470,3,3,1
2d210ece-a83f-4b2a-9bcb-14fdea357928,375,4,5,0
1363c4a0-6b88-4af7-9e59-c829ae7cea2b,22,9,4,0
65ca0706-6604-4e4e-b324-c1a6c42113dc,238,9,3,0
3023d93c-48cc-4257-afbe-9029bf15ec5e,158,39,3,1
e0429656-017e-45c2-a46b-1a60bcd69abd,38,8,0,0
2e084322-8198-4170-989b-46bbffbb0979,230,30,2,0
4fafd5e6-1558-4c4a-adcf-7b566cec1558,365,20,7,0
89b50d4d-70bb-405d-98c5-885dfa22c247,51,25,4,0
ff3219f2-555f-4712-a38e-255f524a244e,438,54,3,0
6ef5b7d1-3d22-44bc-b0c9-f20747e50616,264,15,11,1
e867aea0-77e6-4572-8ad1-a3547a926a53,283,44,2,0
52477a1a-612b-46b3-aa46-62afa2332ac5,27,16,6,0
d0b52660-5dcd-46dc-9b31-d6213e90385a,226,13,11,0
3bb8e353-78df-4d4b-85bf-b739ed267904,277,95,3,0
b9dee147-4446-4617-8de5-cf5e0127c962,286,6,5,0
0d143bab-d493-40de-81ad-08c400d96ad1,97,2,6,0
4596a69d-ed6f-4a00-bec9-fa661ca072d2,284,44,4,0
3aded8ba-e1b9-4b20-894b-a295cbebe2c2,367,2,3,0
fe546f65-88d1-4d2b-8124-83246e9e448e,448,54,10,1
14cd2acd-5a9c-476a-9cb9-81f677084df6,481,17,2,0
bbe0899d-c0df-4aa4-9f2b-c141593b2e64,453,74,4,0
0ac7c708-d2df-4d4c-bbc7-6cf6d68d6bee,317,38,7,1
638fc82c-7b24-4669-a179-1314a83e8032,304,28,6,0
1350b5bc-f304-426a-bef5-4a16cb653416,147,89,7,0
26d854d8-4d4e-4c3c-ac98-7419e08a9e7f,4,15,5,0
e66a326f-9859-42f9-91bd-165dcb82d266,35,92,7,1
b600affa-1fed-444e-9e1b-ef1207a28c7c,192,4,1,0
de804939-3926-4f9f-bcc4-65d32a80927a,49,19,6,0
d07c7fdb-c343-4c3f-882e-45b9bd4e9456,17,9,5,0
494d78be-cf7c-47c7-986d-68b2ceae7753,172,23,15,0
667e12a8-37ce-43b5-a76e-9b477398205c,220,5,6,0
d0f2db7b-766c-4f6d-90af-2275bef7a7cd,158,55,3,0
d468dd9e-cf02-4993-8e0f-590864296736,477,56,2,0
ed00897b-2319-4c05-a72f-158ad498188c,46,93,5,0
8c8c7e20-df70-46f4-879c-e0c2ec447700,373,5,7,0
9e9b9274-34f6-4a48-92cd-e8a2923f4671,6,29,3,0
d225ce51-ed0f-4ba7-a850-3fb7f01576ad,99,19,3,0
d53f2df2-2b76-44a0-a77b-d978315d5514,380,12,4,0
a2d81f1a-be23-450f-9bf3-5e697550762f,233,12,2,1
8a5f90f7-5484-4989-a25a-d32ac448246f,37,15,3,0
613d55fd-c8d9-4042-9c40-0d7b4ad64ea1,280,36,5,0
9ff48bc7-af3a-4824-9677-9f77473a344e,349,27,7,1
23011ad9-480e-46b5-82c0-7e5929498213,497,18,5,0
abeac347-d6fb-4096-b356-520e630b9ce2,302,2,7,0
b743b626-4b15-402f-90a6-bde68294ded6,181,2,2,0
884a3d2e-fd93-482f-862a-ef87dfd0e492,95,0,6,0
fa9180d9-2fc1-4bc1-a26c-da8a71648e30,99,102,4,1
2d3dd92a-63f3-42e7-911b-25e002839576,188,0,2,1
a76a29b6-7b0e-4288-b8dd-ba95b0805f44,481,3,6,0
5d8fa454-199a-458b-a010-89bff7ada70e,116,11,3,0
981277db-c75d-4655-87c7-e4da5fed3fa3,191,49,3,0
e9f12350-17ed-4cdc-b405-6ad0228089fb,253,98,4,0
eb14f77a-e17d-470f-95ce-4c35898de798,469,46,4,1
47aaee71-aa65-4296-8d49-3df844a0c6a7,416,35,5,1
69d69316-ce61-4433-8bb9-e95a9c803f7a,471,22,4,0
054a10de-0b4d-4430-860f-7f3fcc6231c1,161,2,6,0
3d47c51e-05b4-4f4a-9a16-87968cf16820,256,95,4,0
b54c1ce3-6a52-40c3-844c-d50c2ce2a9eb,323,42,7,0
c0df0f30-afbd-4566-a22d-ff95a91d20c4,128,30,9,1
5cba8eb8-50f0-498b-b1ba-66cf2ca76c8b,18,42,3,0
5a31d0e7-5a03-4fc3-aa7d-da06c59f35e7,281,38,4,1
d9279862-8991-41f3-aa5a-6ffdbc1d891b,490,30,3,0
11b79030-d40b-4081-9531-527c1e40415b,223,118,4,0
fa4eae47-5bd1-46b9-932a-328009b96266,54,70,5,0
3f8775aa-cd91-4d64-97b0-9d267d62ff49,58,31,2,0
cb3c16d6-20cd-4877-8faf-d584f33c94c1,323,35,5,0
92edcac1-0de7-454d-946b-81e6a5feefb4,360,1,10,1
7168312c-4361-45e3-af23-3e7fd9b430b2,174,33,5,0
5098d091-f158-49dc-99de-5f2deaf9baf3,280,1,5,0
06daeb29-8671-4589-ad28-5af566d3aca2,114,26,7,0
4caa3eb7-42d1-47dd-ac18-c8664a67ee7a,288,220,5,0
df7fbab5-2bbf-4036-ad96-50e65676c1cf,431,24,7,0
b6493da0-2330-4ab9-9a10-eeaaa8e912f5,342,19,3,1
1fb4c14f-2532-4c32-871d-d01b701c3e70,151,11,3,0
dc2d0a0c-1fc4-469d-9762-2bc5e11a8cb3,450,3,6,0
7477ad48-30ca-44ae-b88f-8227a9ce9ae0,127,39,4,0
362cd37b-a648-4a74-92fc-eff682d84350,155,6,4,0
71f61216-958e-4ac5-9b33-d70652f8c1aa,490,3,2,0
2dca48da-72db-41ed-8609-1616d74c5eda,386,16,2,0
5733b0b6-b919-4a45-987a-7dcc3e46b119,474,47,3,0
d223947a-3e30-41a5-8fd1-1e2028bdfd35,273,41,4,0
7ab58f2e-f130-4d85-9561-8ea200330105,104,1,6,0
375d5d99-a8ae-47d6-8d84-211462ae589e,417,18,4,0
32c6149c-ca1d-45e6-983c-98a671ca22ab,393,22,5,1
b520589d-b362-4749-add2-989a9ba6ea84,299,31,4,0
275f1795-2b2d-4930-bbf1-093e4e2ebb73,246,31,5,0
1880ed3e-e470-4014-a8ad-ab43d98ef6bb,176,13,8,0
da58b314-a647-4199-aa41-0e20722db3bb,39,24,4,0
9d78150a-e123-43ae-a02f-888fe289142a,477,19,2,1
fe7bff3d-f523-42d7-8628-e5dccf62819d,170,64,2,1
02318937-9b37-4be4-aadb-6816baf3a7c7,247,22,3,0
d49c099e-1188-48fa-8a8d-41c86a8b0ff6,26,17,6,0
676884df-3a54-4508-94fa-6a2762b49911,355,15,4,0
9e032a5c-7031-44be-8c4b-6aa68a01517f,306,25,3,0
0bb5d07b-38a9-46f4-b3f0-c0bbdbe317a1,409,48,4,0
79f9dd42-7e0a-410a-a580-22c49d903bf5,408,23,3,1
d8d2d76c-5798-43f3-a97a-9dad2f1877a2,13,32,8,1
ec2aba44-d20c-4328-8d63-51b42836cdf5,316,40,4,1
03ed1a1c-8e41-476f-bad4-3d15cf81edff,391,22,8,1
c02912d5-4215-4cd1-8843-c3433a19de52,313,16,4,0
fc3d95ce-0297-47e8-bef5-8ef6b0fb97c5,36,62,4,0
3df03a7f-b401-46ab-a157-8f919c531fe0,173,16,1,0
c9745441-ed4d-4fff-9f24-7a4507cdce8d,20,18,3,0
1dde8536-b924-4588-85d0-5934e7e86628,321,139,8,0
5183964a-74ad-4010-a86e-4c4ae298c7a5,264,0,6,1
9441d9cc-e9a0-4c84-a79c-3d12d46c9333,494,6,6,1
d0536411-e6d4-4755-aff2-5099fe41e7aa,400,14,9,1
6f9d9a72-71c7-442e-ad2b-90d897f7eabe,142,80,4,1
b2e038ca-d99b-4212-b2b3-52469a7f79d6,460,2,3,1
4b63015e-7995-41cb-bd5b-7c1a1a961a10,371,0,8,0
b1ac3085-91fc-42a9-8d0d-64799c47207f,471,1,3,1
7ed3e0f6-2ddb-4351-b506-18192f8a4b22,143,2,2,0
9a61a9ca-7eb1-4eda-ae39-0cbf0d583ce3,92,1,2,0
a418ba34-3fb7-44d8-9625-d32cb6405e26,354,19,7,1
531aa0e5-893f-4810-90de-4820040ea0a9,322,26,5,1
ed0ac974-eb8a-45ef-bb03-04df47ecd5c9,288,9,6,0
9df4fd6e-8482-406d-bea5-d3049a96efd7,215,15,5,0
ca053995-a85b-4fcc-b809-a6ac87717920,447,2,9,0
05c4b435-9e31-45b1-b3f8-08850d97e4d4,342,12,4,0
48ad8035-daff-437d-99ae-1b1a52f0cc46,51,22,5,1
f3f37348-db73-44e3-923a-0bfb427d0b40,153,39,7,0
cb1b6082-dffa-44e8-9f52-bc47de186cc4,186,0,3,0
3404759c-b5f0-4df7-b083-48af4df3b74d,63,18,8,0
0f4cc91f-6b15-4d18-89e2-5fad0161bea9,190,10,5,0
df02e6ff-43cc-4f15-b3d3-6535b30663b6,125,57,5,0
fc8c8b08-8bad-475f-ac1a-1f203ff4c097,150,37,2,1
d8ae04fb-aef6-4996-8bbb-c3722626ecf5,314,26,8,0
ab6a9793-4537-4b9d-a09a-ff02df759278,58,9,9,0
ee98dfb2-bea1-48e7-8f77-27831da1b8ea,342,72,3,0
283f4b28-b345-4190-b094-b7915e902569,305,1,4,0
313d5275-6bb6-4ebe-af68-2727f70bab5f,180,3,4,1
20171a75-cbee-4811-bf3f-b8104064300e,170,14,4,0
c64c59f2-f5fa-4de0-a44e-e49fb9810730,326,3,9,1
620cffa6-dea2-4bf9-a478-e7d3d11cbaf7,271,93,5,0
6ec8d961-e9cc-4948-8a79-f2834877529b,54,47,6,0
348ca242-2754-4706-8c9c-4ce1ca1f0ada,491,8,7,0
24dc770f-2329-41ee-a3fa-d0263c2bb8f2,444,26,11,0
185e6dda-1799-4bd2-bbea-8410fe01920e,101,121,10,1
1e34eedf-3ff0-4dbb-b7eb-6c0401b938ed,481,64,7,0
d27aaffd-7ebf-4124-b30f-0116781c7f5c,264,27,4,0
8f658822-46d0-44d1-a3ce-4d92c15c3823,53,70,5,0
94bb882b-101e-4a48-8dfd-062924e6f83e,60,135,4,0
721df351-97f6-465d-afb9-f3321b464721,492,40,5,1
314c0e9a-cac4-469a-bb1c-abe7257b7543,108,2,6,0
83378da5-ea2f-4445-9608-2c73c602cc32,5,15,6,0
0dbba0b1-7a7e-40c4-a7d4-1f955f76f4ff,103,54,0,1
1e46b9d9-2c74-484f-91e8-4c5ac95b3ba1,196,7,4,0
9af64c9e-1b28-49e0-9869-f56d082bb461,262,53,4,0
e8aa941b-e0e7-4da0-866d-b446dfb049ec,365,3,7,0
ec14d1a3-d66f-4127-8edd-52c0914deddf,480,1,9,0
f818b66c-3a89-43f6-a027-23b8902cc07f,372,14,3,0
acb19ab5-81c0-4706-bb3b-d17643d02b18,350,1,3,0
5db21bc5-5e15-4486-8d99-4e92267eff93,47,94,4,0
1271971a-5fc7-4900-9305-4d7c6f0823fd,355,52,3,1
98309853-6349-4570-b76a-7aed43d19d40,311,48,5,0
6832224a-6bca-447c-8811-4a833914b162,424,29,7,0
d4c88313-5c57-43c0-812c-c084507f5d8b,308,7,2,0
d6e17c6f-42a7-431d-95c1-923ee1861b35,144,21,8,1
fa1354f7-9292-439d-b96a-1fd629a6aada,269,27,5,0
971340d2-67d0-4872-baad-c67cbc287ee5,370,22,6,0
87a84062-f81c-4ae5-b7b9-f4e872be5c9b,124,9,4,0
84d76da5-87ad-4f91-9624-95b9a19efb38,106,21,5,0
7f1c7d13-1ba8-4d39-8d3b-5c2c36fab819,158,20,9,1
3d6fed76-c414-4bd9-9f7f-8bc63cb38a7f,147,168,3,0
ef7363eb-1dc9-4878-96c1-c58d0b5bf29a,145,68,4,0
21223346-52b1-4fe8-ae85-c72fff677e20,120,18,5,0
7e517cd7-c34b-4001-898c-31485623fe34,319,29,4,0
3d20fcbe-457d-4a34-8b70-d27fb7f17b59,275,41,3,1
d9d5ccef-2607-4bec-9fe3-fb815f87eb8f,92,1,9,0
4539eead-d735-4448-82cc-e832c10bf1d8,58,67,4,0
d511385d-da49-4e38-82d2-eccb6823f637,439,59,5,0
10475317-84e3-40ec-b62d-74e015fc19b6,346,18,4,0
4048e835-03c2-4073-b9d9-2516f86aa3ef,229,14,5,0
43b40fc5-c03a-405b-8727-10a30a5efad0,474,9,5,0
660edb28-6e03-44ec-a0d3-bae8a0354d1c,117,19,9,0
0e309aaa-d64a-4fe0-8b5e-494cb4273357,318,1,5,0
b038a9b7-e364-4035-b876-625673e3da0c,279,57,8,0
c5b81272-b89b-4a47-89e2-587ace18bc30,127,1,5,0
5abff570-7605-4662-a062-375e5da469df,393,11,2,1
0a060f57-3613-40e4-a587-4336a71e4214,396,80,3,1
a491e2d9-b67b-4065-86de-cd5463e10772,129,39,2,0
0bbaee4e-0798-4863-bc16-0e1d3a41f2c8,58,9,5,0
ab30b75d-6ae8-432c-9de9-6b1d2698fcca,122,8,3,0
03f64cd3-454f-4dc6-b907-f448972c34ef,1,0,3,1
0ecd7704-87e0-4d1a-aa55-eff2b5f65049,239,35,6,1
7f2a1fda-1f05-4fe3-ad94-376f3c7bac54,290,1,6,1
f4d67390-5748-49e7-a459-caf4cbbefd15,96,22,6,1
d4f0727c-4638-4c9e-9bfd-4e57cdfa912c,126,98,5,0
2bbf5dea-6fbf-4994-afb1-10efe95ded44,118,3,4,1
dbaf6f5a-052f-49be-a42e-7334b34b6f3e,48,67,2,0
39121774-d000-4d64-a8bd-9ba3c2000ad6,89,142,6,0
f5378844-2dce-4280-9032-11cd39a6d975,488,1,5,0
f6588346-9c90-4129-a4ed-33d3ec43cb8e,237,64,4,1
5a782724-a17b-4231-81aa-6679aa8633aa,373,21,4,1
5a8059dd-e60b-4099-b7cc-920d49a40989,385,71,4,0
5de05d29-b224-41a2-9290-58b7e4debd5e,272,25,7,0
a6ee8646-0482-401a-a079-97e677e2c091,189,32,4,1
95e7f557-9df1-461a-9402-8459dfb84233,487,23,5,0
ae63a078-beb0-4aac-917b-8083beaf25c9,192,59,4,0
325f3373-9d7f-4117-afa4-67942fe4f888,447,39,3,0
3b0c160b-7fa5-4812-97b1-3d7bd013514a,69,22,6,0
7bf48cab-779d-4211-9b99-7e04cbbe7d58,278,60,7,0
4a507141-f6cc-4c12-bda2-5d6b71ce775b,349,8,8,0
a07afec7-296e-4128-bdcc-68a5130340fa,247,5,3,1
40fa6f45-ea55-4cc9-b765-4c16475f3071,451,5,3,0
2bbd434f-510f-4b60-9f8b-c2cd6b29b30a,76,12,6,1
90872171-cde0-44f1-9491-9ad92bdee1d5,154,8,3,0
ad4aae83-7ceb-42c6-bd93-422ad919fa5f,144,79,3,0
6377c4d6-c6f3-4e73-8558-05881b0fbc58,435,3,3,0
d799c03d-6a2e-4866-b2fb-4733f3d8339e,485,36,4,0
14db48e7-22f7-4203-b938-aee313decd90,86,6,4,1
997379f5-fb24-4950-8708-4a9813caf99b,185,64,1,0
7e5dc6e3-81e5-4991-b97b-f60390719d9b,285,97,5,0
59fd65e3-a75a-4b2f-922e-cdfc89679d59,462,18,10,0
ee8a9509-f4ca-4fef-b0c4-fdc876a204e9,220,63,4,1
33c02a16-a391-4bdc-9ba5-0acb5e9aee73,69,0,9,0
249d9f1d-1bfc-4d55-b71b-0821c718f054,47,51,2,0
095937e5-a4c1-476d-9889-6ecb0f5480a6,497,7,5,0
693e1fec-fe26-493e-9940-722b04a84e82,94,71,9,1
cca6e232-89ae-4dd5-bf61-356da36e741c,238,0,8,0
c331404e-7166-4391-9d49-3fc764fdc1c3,446,24,2,0
09dfe562-3c66-442b-a031-c36dfd60e8db,453,42,3,0
2494f436-2f2a-4b79-b578-d5494d2d08bb,204,8,3,0
ddb490ae-71aa-4412-91a7-d2e70ef0ef8c,400,6,4,0
aa949c89-1731-49a1-8499-8008e841929e,218,2,2,0
74ea3a11-0267-4a8c-b90a-5365e80aa364,474,11,6,0
30734bc3-2554-4071-854d-bb22ecf8da0f,432,24,2,0
c5eba014-074c-42ff-b8b7-c2e2047c4528,341,3,6,0
b9ae4a2c-65b8-4fb8-bde1-4f9f9bc9f747,39,14,5,0
ae5e94ea-f24d-4a2c-b29e-6b1bc4cd5af4,100,0,6,1
8189ccb3-01f1-4017-8966-46f3c69edfca,289,51,4,1
c1226665-0980-4da1-8446-ca7a62a0b03f,254,4,3,0
463d2db8-5920-4c16-b307-e6c0df9d9cd1,222,9,3,1
f0233333-2986-4564-8340-fe6fecb80a49,357,0,2,0
7382c85b-62f5-4275-9f8f-44a6ca446310,23,16,7,1
0d34d793-d4ca-48d0-847e-b5740f26a8af,250,55,3,0
38f7243a-c95c-4631-ad19-917231c76885,10,14,7,0
260c2dc8-6e83-485c-a9f3-af239aa7867e,246,5,3,0
5cd3e974-e6d2-49fa-92ff-03cdc556e97e,325,42,4,1
855c6f05-9d5f-4ad9-8271-cfb31662e3a2,100,46,4,0
c57f2417-3d53-4cd0-ab40-b7cd4e3fd9f1,290,5,6,0
62a73ac6-81a8-4b7c-a012-e9db53dd02f1,180,44,4,0
621199af-738a-49b4-9d3f-1be97feab344,223,88,2,0
e28c2cb5-bbaa-420e-9be9-66cbbd4562eb,394,5,5,0
585da966-b6d6-4396-976a-1cb9a2e4541a,250,44,5,0
6c5335cc-bacd-446e-8d66-e6643cd8439e,147,36,4,0
ddc0d28c-d46e-41fe-bd16-7164a1ebfb15,442,19,6,1
827e0f14-30e5-425c-8cda-d81ec92487f9,96,1,5,0
8e3e372e-8927-4dcb-95cb-e40fe65ea2d3,257,2,2,0
f4ebc0dd-c7e6-4cc7-a5e6-d7ad2bf80c85,325,57,4,0
28ddce96-e070-4024-b548-a6d2cda6ffd0,493,138,4,0
9ade50a5-7fde-495d-93a4-1ab6f03fd723,4,33,6,1
b1ea3ba6-68aa-419e-b55a-4b7e5076aa7e,16,17,6,1
681fa515-bf12-411e-91ec-0e54116103d6,280,31,6,0
1731078d-9e7a-4303-b913-e5d42450c99d,336,27,5,1
d3574699-5f1a-4889-af02-e8a3f3be3c5b,247,14,6,1
231a19bb-a4d4-46b8-9422-dcef0ca6ef31,258,2,4,1
6327ed41-dfac-4562-bb48-69756683a3d5,497,51,8,0
83c3c5f8-abc4-4be0-870a-4d62bf2008ec,476,13,6,0
5f2d4cb0-9f0f-4576-b4f3-ec74965873b5,384,51,2,0
0fd6ac0e-0b53-4d98-ae56-02bbce7f6b21,160,8,5,0
d6777cc0-e04a-494e-a73b-70ad31866a94,475,0,5,0
3258a59c-4115-40a7-80d0-2d2edb66524d,340,5,9,1
873be77a-d244-444b-9243-efbf35da1bc2,152,18,7,0
ba7c4257-14e9-431b-849b-9be04e20e133,396,86,3,0
bdad2f7d-a03f-4c47-8742-98488cf30a0d,178,3,9,0
b4242147-d434-4721-bf9d-bbe14a219618,163,57,6,0
7849b1e1-cc40-41e0-9776-77f98b3ffcce,380,22,3,0
f53cd093-eb2d-464b-ba09-4c206e9f426c,33,52,8,1
cd276155-0c3d-4f62-acb1-e21efb782491,417,10,4,0
a8bf88be-001f-4403-a01a-521002191773,445,54,7,1
d5b821cb-84f2-4b0c-a9b4-76766f927ad2,179,44,10,1
20188da3-83cb-4a94-bcfe-b0a8b37322a1,427,7,6,0
640325eb-d907-45b8-b615-f0429944d661,101,4,6,1
4d01d95c-c605-4ad9-9853-f15e1629439e,268,60,3,0
a937aea5-cf0d-4aef-a091-fcf2d7011b43,323,99,4,0
0c347399-7e6f-4113-b5ea-fe1b59eb5635,65,0,2,0
832d0910-7a25-4629-88d1-dcbeff262e55,417,39,6,0
ca93ea6c-607d-434d-9f41-012e9b814606,168,72,6,1
6bb4aca6-c2ae-4c97-ae85-35bcea3e9132,330,58,5,0
d8c9a189-ff4f-4806-9ab0-a5eedbf43cd3,43,100,5,0
8bac9433-e035-49bd-8555-8fab5855b4a8,44,42,5,0
96d48a5f-7596-426f-95d4-8eb5c1c505d1,285,17,5,0
b1f6d70b-6fe3-478a-9179-fc126fb1a30f,397,11,5,0
a7a8f079-6a9a-4cc2-9be2-c2fab95eb87e,12,11,2,1
e8c59ff8-66e7-41e4-beb7-5ad29bb456d0,95,38,3,0
3df1d4da-9909-4feb-a8cd-972c010544c3,302,41,1,0
a3f99588-5a0e-4f6a-936b-2c0d6434c388,386,6,3,0
2105c82f-9c91-4830-b8a0-5c26d7750c39,253,60,3,0
9d6a97fe-3485-4e8d-adf7-e34bd528916d,499,37,5,0
68dce2d8-e184-47ba-bb24-3c9167593227,242,24,6,1
da38ef5d-c9f6-4936-ad21-5a299da20a4e,35,19,5,0
b69cfe14-d244-4353-8af2-0785979a14a8,215,23,4,0
798ef77c-036b-4e7b-b128-0f7fcea90122,337,5,5,0
378344ef-21f7-4956-b332-47d309eb4a5a,90,6,6,0
e8cbc532-f48b-435a-bed0-a536814831c3,264,2,3,0
77a5ced4-23a8-4f85-963e-3bf3181eabd8,93,5,1,0
63da5208-6091-4aae-a29f-0dc4a26487e6,410,18,3,0
1d47e5e8-bfee-4fff-a7eb-b33c1fc92743,458,22,5,1
318a5381-ca08-47c4-90a8-eba969910c52,90,0,5,0
583886f5-be22-4063-9d46-ed527754f815,418,47,4,0
37929877-2b45-418f-a880-12a7cd1fe45d,115,10,3,0
1899e3f5-b4d2-4cc8-a724-eb746e80ca8d,105,72,5,0
43714f25-24ee-445f-9b37-a8747b4fcc89,391,102,4,1
a764e212-f995-4ab6-9085-b981177e9410,196,6,5,0
70db7577-3277-44ef-a2ad-c07711e0387e,314,18,9,0
76e260be-3e1a-4b9d-8b3a-6113f3c4def4,114,0,3,0
1126402a-4789-49cf-a262-ebd2ea5b0aca,493,27,6,1
6bad9557-5c32-4a43-871b-0364544fd8b6,75,28,3,0
6b0963df-de8b-483d-97df-657b23705223,413,8,8,0
54a1e3f2-6070-4de1-9553-8096629c44d3,376,24,5,0
51b90059-de74-4d36-9fd3-f0e7a4f78a67,420,7,5,0
1be0ae4a-2303-49dc-8603-44ac2dcdb9b7,217,5,3,0
ab94cc09-7715-4d93-8a8d-64bd933cb246,277,31,5,0
0e455582-4fe8-4f8b-85ee-f967e0440e70,249,11,2,1
7c9a641f-f69f-4fa4-ac65-4b4b829c50e5,164,26,4,0
1eca962a-4d4e-4da5-94de-a83ae0cbb130,394,17,8,0
bead8f04-a584-419b-bd7c-2ee76a6867ac,357,124,4,1
155402e1-124b-4cec-b257-b9a9a0e37323,457,4,6,0
4b51380f-2046-494d-ae30-e3008a46008e,408,18,8,1
b7b8f6a0-c9d2-4052-a8ca-05ed1c063170,192,34,2,0
4b6da334-3ab9-4b28-b815-11cf1e9a7aa7,227,15,3,0
7f77ec16-62cd-49c4-b7e9-7852714b09d6,177,110,7,0
4b98fe19-b26e-41e7-bd67-b54910e205e6,99,38,4,0
51491c9d-f37a-4fa9-a96d-ed94a4b66c3c,496,32,8,0
5386d571-ca65-4d3d-ad86-06630f750d7f,36,42,4,1
c1c539a0-01b1-40bc-91d4-f984d3a8536e,466,91,4,1
fa284c06-bdda-42ad-aef3-62524c46bd72,497,71,4,0
8c28b5dd-8068-4425-bf6c-0023a252b13f,487,38,6,0
8cc5d080-9e5f-40ef-97f4-17b857a57a4b,96,41,7,0
3f62062a-53d4-418b-bc12-9f0267e10851,152,4,2,1
f275cc64-d1ed-4e3d-b6ce-8f52420a9ec5,151,3,5,0
89b04878-462f-4bff-8533-685fc3f70787,190,25,5,0
db9335a3-c3ed-44e1-9e25-8e38fec9f152,224,0,5,0
5667c11f-4eaf-4e5f-8df2-93a4892baae3,37,19,4,0
43238179-f567-46fa-a641-593bd34d82c6,268,7,6,1
82e2c0ba-2f74-4061-bd5d-e15671387ce2,369,12,4,0
f828bf01-509e-4dcc-b117-ab5baa3fcd41,183,44,5,0
e95a4e64-15ad-4c72-9299-c114b07de85b,13,85,4,0
9fddec8e-94f4-4540-85a6-1569b4f573b9,279,2,3,0
ae14e9c0-957a-4cfa-97fe-6a35413a4b71,217,22,3,0
11ad6f2b-98b9-4bb5-89d5-9dc95af50173,355,64,4,0
4983c602-441d-4adc-baf3-e0f2bedbcbb8,361,2,3,0
b3fe7933-410e-4d0c-a5a4-07018e86c7a3,286,52,7,0
7779fccc-3d38-4db3-9fb2-6eb14de9eeec,273,13,7,0
0ff87a3b-96f3-4003-ae06-a8e63f705d0d,369,11,6,0
cb3f37b0-d8f2-4349-8131-2b1bbf279b70,62,113,5,1
f24ecc7a-c668-46f8-97a5-aa0b6f956b1d,84,6,4,0
a10b7549-5895-41d7-a020-244c8afa13e2,368,35,4,0
d64972ea-36dc-4a59-a8b5-8451a474eea4,217,51,7,0
27343b99-acc1-48d1-92b8-a2429f06fbc2,342,1,6,0
e88ce80f-a8ea-4714-858f-d61d273c5819,397,33,3,0
90f7e64c-983b-43b0-8516-6b209e6dc3ac,187,90,4,1
4b6ef55c-c338-472d-b7be-befa271cce1e,19,3,4,0
af170e8c-a1e6-4a3e-89f1-9a769d300048,177,67,4,0
b041d901-d84c-4711-8776-9fb40b368b75,100,27,7,1
caeb6828-f53e-4ec8-95ae-8f10b4809e61,396,28,6,0
1862ac96-8638-4897-a3a3-dd7813e84a08,445,28,7,1
b6dd5207-9a18-42f6-9f8c-9164b406d10e,233,10,3,0
f111174d-ada7-44df-ae04-ae4d26afa57d,403,82,5,1
d1f00153-b955-4798-bd7e-315c8e6bb94d,76,88,5,1
2cfd0a28-5698-42bd-a1f8-e3fc1836d5b3,265,29,4,1
4f6e3392-531c-4b2e-8d18-85f96475a636,455,45,5,1
068d3d3b-f654-4372-805f-6abbdbbf475c,284,28,2,1
11a19679-5de8-4895-980b-a80829bbdecb,206,19,6,0
38eb9cff-633d-495e-adbc-ee16c6dddf93,223,32,2,0
33448318-18d2-4d81-aa80-d0a91e421e0a,384,24,3,0
07843fb8-6caa-4a64-bdf6-f50c5c1626a3,52,27,3,0
57dc38b3-46a8-4427-8123-fb5e995ed563,339,45,5,1
87f7cb94-cd33-4730-91ad-9d02f5fb6129,367,19,0,0
d609ff00-fa84-4291-a652-28a5706ca3f0,144,1,9,1
bbcb8fb0-95d4-4995-af3c-aa227ce99cfe,373,5,4,1
5a15a2fe-aab0-4608-b89c-b438a9098923,69,17,2,0
c81600e7-089d-40ef-bd86-deb0663ffdff,99,38,5,0
a9a74ed1-bfd2-454a-976a-e3bb18900961,396,26,3,0
9ba800c2-397c-40ef-a763-d3f9e2c83d94,25,31,2,0
2e71c3a5-1e36-40de-93c0-d70101b359ea,436,19,5,0
043a8df7-5ef2-4a38-a90f-997c03f892d1,379,28,5,1
7b0d715f-e149-43f4-a9f8-8b61db51859c,469,11,3,1
520e35d3-e4ed-49d1-a201-14822964787f,484,19,4,0
01c7851a-92fb-4a57-b5c5-277bb0420717,53,40,2,0
132d16b1-56e4-4623-9e69-a1ee6c2b8396,151,61,9,0
d2db5ce9-4edd-4141-b4d4-f7032b891bd1,144,17,13,0
8f28fd7a-2246-453e-8aa1-47a758cbc12d,57,1,4,0
724f611b-cfa9-47cc-a9e4-740014ed002f,39,5,3,0
61413984-502f-456b-99a4-d980fe11abeb,109,0,9,0
f369a9b1-b780-4930-99cf-e9fe27a71979,181,31,2,0
bd3cec5a-70ed-42d6-9ca1-d0bf454c4169,42,12,4,1
ad65a819-593c-456d-999d-89c7ffef485a,186,23,7,0
924457b8-d577-4414-ae6f-f72dfcc43cbd,423,20,3,0
d6c46462-6586-4cbb-9d2a-437d98f48a27,398,2,4,0
1e033eef-a62f-47ab-abbf-2c231d3df562,223,15,7,0
afa68eee-bd1c-4f7c-bc1f-725e297d47a7,122,7,3,0
f7e94ba8-6d2b-4ce4-8f0f-c1c8b4596c78,133,16,8,0
8c2f4d9b-d5fb-4b55-8481-5c25793bb320,163,6,6,0
f6824ed2-23a2-4f73-9a76-6d8a615d8efb,215,55,6,0
47021535-7f7d-4b4b-a6ec-4904d6aeef2c,221,5,8,0
91409d08-a709-4639-9246-4877862a436f,235,97,3,0
eb88c1f8-7942-480c-9589-dfd2b7b11d83,331,16,6,0
8786f372-fb80-4509-9c63-93b1fd035d56,146,56,5,0
393028c7-d171-4721-b408-c2d5c95c8507,239,29,8,1
046cc3bd-f971-496b-b569-0f8971a45aea,76,39,10,1
9e3670a5-5415-433e-8bfa-093a060fadb4,9,43,2,0
a011445e-21ea-4a00-b63c-3bc183ee2638,74,21,4,0
80522eb5-26f9-4b47-a611-79a758ed3c27,442,23,6,0
7dae6787-6ca5-4111-9ab9-0a433ac3a5d7,492,21,4,1
6435acd1-a9a0-4249-9ee2-b84ac1944690,401,26,6,0
a162cb36-1f10-4f50-9dd6-9741f03da80c,253,0,4,0
b3a42a99-1bcc-4a31-a528-94beac2d0228,230,15,7,0
9ebb553a-3489-4113-9364-8a8a222c8b70,7,27,5,0
89c5fd66-3671-4e32-a327-0d6deeb90173,174,27,1,0
ec4415ec-bab2-468a-a4b8-7d0ebc076333,141,47,4,0
04765226-b2ce-4915-a705-be45f82b5819,168,31,12,0
e6792dfe-af67-4ec6-94d8-47b5e0ec251a,170,145,10,1
b96ad184-0eac-4ee8-bad6-4b64e584f2a1,393,10,4,0
6ee8e3fa-6005-46cc-803a-b06478dae55c,434,13,3,0
571da12a-1334-44f9-928d-b5b342ecd860,283,14,6,0
2e28cf7e-abd3-4b7c-967a-7cb45d21ed3a,122,18,6,0
fa2da7fa-8fbb-46fc-83cd-2a5057de8c78,194,54,5,0
77fb19d0-b0e9-4760-b462-f61c7645ca30,5,8,2,1
6ccbe206-f206-4334-bc28-2abd71c9823d,29,44,9,0
4b46cff4-8a3a-4514-8d7f-c6948da360e7,165,15,6,1
cf77e507-9125-4462-9f16-6e423b1b103c,422,27,4,0
fc3c27c5-e82e-4efb-aef6-dd709a3d29dd,339,30,6,0
062e1b11-5c15-4ab2-9b3e-c1c11605b368,136,13,8,1
0cda89db-21da-493c-9b9d-641cf29ab2e0,496,21,2,0
ff70fd2c-0e2c-4cea-9885-995f42e05c13,365,15,2,0
8358cc25-aaf4-432d-bb43-13f827c6120d,321,2,6,0
10080632-9bce-4c23-87d2-b9a75f849c07,342,17,6,0
b9366c37-8661-461f-bebf-3eb7bf5acfa3,145,3,4,0
94ed68b6-863e-462a-a636-ffa06cc0948d,327,15,9,0
85fcb5be-1d3b-4ccb-93f0-969d1bf8d23d,217,26,3,0
340aec03-aa08-44a9-ab5e-d66a1f36fc1c,301,25,5,0
f2cef226-601e-455a-a12e-9348d97dc722,132,32,8,0
eb5e4448-6ff9-4b63-9282-880da7da0436,292,3,5,1
13dd7a46-f630-4cbc-a71e-4436ffad14ba,70,31,5,1
eef219ec-61b1-4b68-9268-cf93a9393f6d,252,11,7,0
e1f15230-ec92-446a-ab42-85a8e2a73515,415,15,4,1
378c0d28-8582-4926-a542-a086460e675e,275,58,6,0
16dcb1fc-acdf-4353-aaca-0afdb45b3a06,445,0,5,1
fda5fa6a-8535-42bd-87ba-2673db37ec0a,364,26,6,0
c164f3be-1cba-4d4b-87ca-c9f3d8ed5274,182,27,5,0
6939b395-3065-4cd7-862e-39360c2292e7,167,15,5,1
f45a5d97-53f2-42ac-83aa-75c71d954943,91,8,4,0
6795c0de-77c7-4753-a315-b1ebd3a0dbf8,202,8,4,0
2c4ec127-e941-4842-91e0-02c5e991645f,346,64,5,1
8371069c-7171-4ac2-ac64-7c3455f9cce4,19,17,3,1
f33187c6-aa11-4637-9c00-baf6492d63c5,39,12,5,1
2d8e2a96-a019-4470-ba4d-63d27d5a6f46,126,17,7,0
353ee031-ae86-4fe9-a91b-456d1209d848,451,33,3,0
a52c1de4-58e3-452d-9d38-b0b5a059ba52,173,4,0,0
220a4848-d1f0-456c-9daf-3f35242cf486,141,17,5,0
887c07ae-01ea-429f-b180-84c5ee7987fe,242,26,4,0
b97505e9-169f-4ce4-acf2-cb24acec64bc,220,89,1,0
c53c87bb-bde8-4e77-9dc0-0cc0f6f768f1,126,8,5,0
b7a14d1e-2620-40ea-a21f-4df8cc182bfe,58,13,5,0
992f3e16-f2d6-4a9b-b0fc-5daa68bd0e0e,148,14,3,1
895ab04a-923d-4c0d-b59c-c63501bc0772,476,27,1,1
cbc3b623-a87c-4e90-96b5-ff6448e664f4,456,13,5,1
9e07ed2c-c5b0-45f8-b2e9-0533e5780ccf,317,22,11,1
0f5e3648-4af1-4bc3-905c-d8c4ce64b307,383,45,5,0
0a08f9a7-a522-4640-b71c-4787f240addd,361,36,5,1
d9a318fa-290c-4dac-96f3-2400b29954e5,423,17,7,0
2a813131-c9f9-481a-986f-cb6cd0bc7fb1,1,59,4,1
a7ea3066-63a3-4158-91f2-db8f9234d021,387,24,1,1
31e269f0-bc2f-40b5-b0d1-dfb01e66332b,461,23,5,1
f0b95697-cf38-4bfe-8533-4f8a711d3075,348,1,7,0
2ff0afac-1fd3-4a71-8c19-c53da622ab65,190,129,3,0
a1b5057a-9675-46f0-8cbe-9e87d4208abe,191,3,3,0
45d62f24-2d2a-474e-9e31-8781541e3c0c,369,7,9,0
719aff07-e417-42ac-b702-dfee77982e6b,409,1,1,0
bf5550be-3ba9-40e8-8aa4-9362f72701f8,312,30,6,0
9a879d61-4611-4508-a0fa-3141657143b9,417,7,6,0
1709e3b4-100a-4978-86b8-6167cc0fc6cf,422,5,5,0
8c288e4a-41b7-4a43-ba19-feb187630a25,117,2,4,0
c54514c1-19e3-4ea4-8192-bd91b6d66a50,134,3,7,0
c306f04e-eecb-46f2-be76-a11d4ce88a11,58,26,7,0
11bfac22-d5ab-4820-bf8c-865cf158ee84,44,34,6,0
189f6db2-f8b2-4f65-9439-bfef29a30d77,173,15,5,0
45758d8e-d67b-4db2-a1ad-4bfe590b86cd,160,19,3,1
e95af627-5efb-4ad3-a76e-2150fa8e9f00,173,34,5,0
8ff02a31-f2fe-47a4-a7ab-47c6f9a0622e,317,0,3,0
c8a6c43a-4216-4ac0-8b81-8a8be161681b,303,11,1,0
56250a60-75da-4289-ba07-3bcd038887a2,149,108,2,0
5a3c4238-9b01-4498-bfb5-81a2b5548ec8,80,26,6,0
d315c16d-93e9-461b-92fa-9c9b573995ff,374,8,4,0
423ee9d1-75e6-4233-bf49-7a234057708e,213,22,9,0
3650cb23-c154-4cad-b68b-96a4e44e4b47,203,12,4,0
87cfd01b-e4ac-48a9-8a14-547388a76801,252,22,6,0
f7fdd5df-4b8d-46c8-a92d-a7a400dd895b,229,4,8,0
1541d6da-ca3c-47d9-bdd6-69d26e43ccff,164,4,5,0
f087db6f-fc4b-4515-bb80-f36c2a45e3e0,227,4,3,0
24704b11-a0cb-434b-a81a-1ea12b054d39,147,84,4,0
0f3f2818-4f01-449c-9abb-8cd6a00e7505,20,39,3,0
b4c800e4-231f-415b-9b42-d952d8ddea5f,441,5,6,0
a0017f4f-29d3-460a-97c5-80c9a811b9d2,402,6,6,1
5c3c37af-e268-49fa-bf66-a726e4409b73,47,39,9,0
36e64f38-7df6-4a97-95a8-79deded867bc,233,5,5,0
d691d6ca-bd5d-4e01-b965-4058b84838b4,305,8,5,1
bab12e88-0c6f-4126-a521-16e1c769eb1a,14,99,3,0
aabb2ddf-9d05-4680-9e6b-6df4d0fc18fc,143,8,8,0
288e8204-5152-40cd-b9fc-768ba9705e48,415,32,6,1
1e808f0f-d993-4666-b5ad-8083f227da5f,1,115,5,1
0542e839-5259-47ab-96ba-e548d5e4cd25,373,14,1,0
25e383bd-9376-4192-99a8-90e9918c43fe,54,0,3,1
cf68a1d1-9321-4fc8-9b26-20c87baf44dd,374,8,2,1
223d12e9-67a9-48be-a671-e92d4fc1f3e4,259,53,7,0
a4770b4b-475b-456f-b875-921f45023884,144,59,2,1
d5e3beb4-e7d5-4447-8eb7-a0ab2fa727c5,471,43,2,0
8a7d3f9a-2c8d-49d8-8026-09dd7f757efb,441,3,8,0
c6fa4c2e-f4f9-4127-93bd-ed4fd8681287,459,47,3,1
0af7e6ec-7138-4472-8e29-6fcf9b56b758,12,75,6,1
80b8fabf-7bad-429d-b34e-25b22f36074f,330,27,6,0
c05468cf-2352-4107-93dc-ea1599360459,224,84,2,0
4b6e87fd-508d-40ae-993d-10f5491bbb97,272,52,5,0
2d82e65a-9b51-47c3-9a48-b846a1391c28,456,32,2,0
5a2d4703-8fae-4a11-a401-08324a1bc187,358,25,2,0
c397c3b4-ac7d-4bcb-be7e-d4e46f752f06,460,12,5,1
f2bab0f4-3f27-4488-8139-cdbb00dd0ce8,408,5,4,1
46f8b932-c1db-44a8-9265-65c5d7e0455b,156,27,3,0
396904e4-dcf2-44ac-997e-2a0c641fe6bc,373,11,5,0
cb2ebb7d-0d89-4795-ab11-b7fcc79f05a1,8,60,8,0
9c78af36-454a-437e-91c9-f3563bb3b02c,122,150,7,0
7daf7c55-f265-4d4c-94a4-143ee7f9c309,348,41,5,0
df85c6f5-f21d-4f75-878e-8fe069e09901,164,2,6,0
8b620ce6-5b73-43f6-a771-2d8f01523108,90,10,3,0
e3fdbb90-ed90-40f4-b6e9-1eef9f84f334,136,3,5,0
790c5ecb-e000-4e09-8048-78823e9ddc3f,186,31,8,0
c5da85ab-2ebc-4770-b7e2-e4a81195dd61,316,43,5,0
ad5ca879-d1eb-4b02-a0d0-d095dbad333c,178,77,6,0
fcd18a93-f5e9-4019-a9b3-fa8081ad1bd2,28,17,5,0
91e4aedf-88fc-446b-b390-20dbde9dd789,220,69,5,0
1a65ff65-ecc4-43b4-9fab-8d1626f15cb8,357,63,7,0
9547ab6e-2502-46ba-8a8e-6d68d293e332,41,11,5,0
4ad7f070-811e-4ac4-b2cb-f8e21a058a71,228,60,4,1
c26e011e-141c-4a3a-9884-579d38ecdf12,192,14,7,0
de0c7f6e-3f6e-497d-9d84-b879e60dcf93,411,10,6,0
b2af41fd-6c88-42ee-89ed-e25b6ee03040,447,31,9,0
2ee1d5b4-dccd-4a58-86d5-265591be12d8,145,11,4,0
c264a51a-ce3c-46c4-a0ce-3d61cd078d24,201,29,1,0
bdb2aa4f-683f-4e6b-9e67-f3f5176cf6a2,417,28,8,1
abc9d3c2-8ca9-4277-8286-5a49a8ea7688,212,24,5,1
d832a743-91d9-43ab-bcba-feee4b861442,461,14,6,1
de9e632a-571a-4d1b-9283-0ddcf34cdf29,220,23,5,0
12fc2e51-a755-4b8b-989a-23cfa05704c3,240,27,6,0
93c1ff11-22e5-4885-b6a7-cccfb37b7cba,413,23,8,0
046bd36a-9f74-469d-a535-7e4221ea6707,397,17,2,0
7b42f814-fa93-4859-b12e-4b44ae2f2203,46,0,4,0
26e7623f-303a-4d4a-803e-7b9c960122e0,35,26,1,0
86ef26c3-e747-413c-9b30-caaba5e23153,253,5,6,1
ae6215a6-058e-49fc-93a9-a92a09f85fc4,390,30,8,0
b90a045e-f955-46ba-913a-dadf86294b0a,82,42,7,0
27e483a8-df25-4fbc-8360-bbec86595478,371,20,6,1
7ece3b07-64b2-4120-bf3d-68dbb8314449,256,23,4,1
981c842a-43c3-4e35-a645-371cd262b974,197,90,3,0
aa742abc-908e-4ac4-9610-e42f2e437acc,303,56,6,1
695e1515-7b49-4d73-95c2-2bb32cedd3f0,409,73,6,1
e080b7ef-79c4-41d3-97c8-826876240707,450,50,3,0
c2af1095-970d-4e70-9f8b-f1ef832dc194,10,3,1,0
24956177-6649-46d9-be2d-2f7dccfaac71,312,4,8,0
c1892ec5-06c1-47c9-aaae-b9e3ab6dafa5,286,22,2,0
18507a18-1897-4996-848d-5039f640d16c,242,8,5,0
4838cd92-73f8-4452-9afb-39ee0d1ec376,251,19,4,1
7b46cb44-efea-4ce2-ad2e-a355e7a0410a,365,15,6,1
c0f5012c-f0a1-4146-b670-da8d9bf6b905,5,23,4,1
a0991467-ae84-496e-beaf-784145ec2cdd,119,41,5,1
2c2a5047-506f-461c-94ec-7f97ba9311eb,289,37,5,1
4510c249-b5f7-4ad3-82e4-dc7ad7f1fe4c,374,22,6,0
53cdabe8-ea00-4b8c-9fbe-6c8036251647,65,51,3,0
87fe160b-571b-482e-9ccb-c40bb7c5f858,146,16,5,0
9784a905-94b1-42d0-9a6e-b9290b944fe6,224,68,5,0
1919428d-b928-474c-8f13-a42678c0703f,239,2,4,0
8d62c4a9-d40d-4b0f-9fc6-4bfcb02a0e56,177,92,4,0
a559108a-39a3-45d3-b5f7-6c4301e6655e,267,31,4,1
b0785618-12b7-4704-8964-0c847ff27916,341,14,4,0
